actor,movie_or_TV_name
Norman Saleet,"The Young and the Restless,Episode #1.9557,Episode #1.9379"
Norman Saleet,Inception
Norman Saleet,Losing You
Norman Saleet,Paranormal Entity
Norman Saleet,"Untold Stories of the ER,Fork Swallowed"
Norman Saleet,Just a Girl
Norman Saleet,"Pacific Blue,Moving Target"
Norman Saleet,Loser
Norman Saleet,Undercover Heat
Norman Saleet,"The Clash,Red Chairs"
Norman Saleet,Selena
Benjamin Riley,"Cutman,pre-production"
Benjamin Riley,A Hollow Point
Benjamin Riley,Belief
Benjamin Riley,Kidnapped Souls
Benjamin Riley,The Only One
Benjamin Riley,Scalene
Benjamin Riley,War Child
Benjamin Riley,Inception
Benjamin Riley,Cherry.
Benjamin Riley,"The Deep End,White Lies, Black Ties,An Innocent Man,Nothing Personal,To Have and to Hold,Where There's Smoke,Show all 7 episodes"
Benjamin Riley,Shade of Grey
Benjamin Riley,Dance Flick
Benjamin Riley,What Goes Around
Benjamin Riley,Only Fools Rush in...
Benjamin Riley,Don't See It Alone
Benjamin Riley,Die Cheerleader Die
Benjamin Riley,Darling
Benjamin Riley,Quench
Benjamin Riley,Loss
Benjamin Riley,Be Good
Benjamin Riley,The Contract
Benjamin Riley,The Break-Up
Benjamin Riley,Pop Skull
Colin Smith,Inception
Colin Smith,Evocator
Scott Pretty,"LALA Land,completed"
Scott Pretty,"To Be a Hero,completed"
Scott Pretty,Don't Stand So Close To Me
Scott Pretty,"Parentless,Pilot"
Scott Pretty,"The Cringe Chronicles,Text Mess,Player of the Year,Surprise Party"
Scott Pretty,Break in the Clouds
Scott Pretty,"Weekly Meeting,Frustration Aggression Theory Realized (Charlotte's Revenge),Unobtrusive Measure of Total Instituion Rejection (Charlotte Learns the Truth),Realigning Action and Attempted Civil Inattention (Lucy's Gotta Go),The Folkways of a Technocracy (The Cafe, Right?),Cluster Analysis in a Casting Session (Old Hollywood?),Show all 9 episodes"
Scott Pretty,Ladybug
Scott Pretty,Vivian South
Scott Pretty,Wedding Day
Scott Pretty,"DTLA,Episode #1.8,Episode #1.7,Episode #1.6,Episode #1.5,Episode #1.4,Show all 8 episodes"
Scott Pretty,Wedding Band
Scott Pretty,Agent Steele
Scott Pretty,A Broken Code
Scott Pretty,Maria My Love
Scott Pretty,SonSurf Beach Bash
Scott Pretty,Nerve
Scott Pretty,He's Mine Not Yours
Scott Pretty,J. Edgar
Scott Pretty,Portraits of Death
Scott Pretty,"Deadliest Warrior,Ivan the Terrible vs. Hernan Cortes"
Scott Pretty,eCupid
Scott Pretty,The Paper Boy
Scott Pretty,Blood Sucker Punch
Scott Pretty,The Record
Scott Pretty,Inception
Scott Pretty,Cahuenga Pass
Scott Pretty,"House,5 to 9"
Scott Pretty,"Criminal Minds,The Uncanny Valley"
Scott Pretty,Aftermath
Scott Pretty,"Numb3rs,Shadow Markets"
Scott Pretty,Love/Death/Cobain
Scott Pretty,A Good Shake
Scott Pretty,Mercy Christmas
Scott Pretty,Plus Life
Scott Pretty,TeenNick Halo Awards
Scott Pretty,TeenNick Halo Awards
Scott Pretty,TeenNick Halo Awards
Scott Pretty,The Interview
Scott Pretty,"Private Screenings,Robert Osborne"
Scott Pretty,House Hunting
Scott Pretty,Freaky Saturday Night Fever
Scott Pretty,TeenNick Halo Awards
Scott Pretty,TeenNick Halo Awards
Scott Pretty,The Interview
Scott Pretty,Fitness and Fun
François-Marie Nivon,"Article 22,announced"
François-Marie Nivon,Some Like It Rare
François-Marie Nivon,"La Garçonne,Épisode 1"
François-Marie Nivon,Quantique
François-Marie Nivon,"Astrid et Raphaëlle,Astrid et Raphaëlle: Puzzle"
François-Marie Nivon,Strike Night
François-Marie Nivon,Master of the Class
François-Marie Nivon,Le dernier zombie
François-Marie Nivon,Norman: The Walking Dead
François-Marie Nivon,Carefree
François-Marie Nivon,"Norman fait des vidéos,The Walking Dead"
François-Marie Nivon,"Petits secrets en famille,Famille Tachoires"
François-Marie Nivon,He Even Has Your Eyes
François-Marie Nivon,Arctic Heart
François-Marie Nivon,Open Tables
François-Marie Nivon,We Were Young
François-Marie Nivon,When the Heron Flies
François-Marie Nivon,Valentin Valentin
François-Marie Nivon,Charly
François-Marie Nivon,Family Business
François-Marie Nivon,Goal of the Dead
François-Marie Nivon,François
François-Marie Nivon,À la recherche de Tom
François-Marie Nivon,Win Win
François-Marie Nivon,La vérité si je mens! 3
François-Marie Nivon,Delicacy
François-Marie Nivon,E-Love
François-Marie Nivon,L'oiseau de Chine
François-Marie Nivon,Inception
François-Marie Nivon,From Paris with Love
François-Marie Nivon,The Lost Messages
François-Marie Nivon,Kobané
Matt Vogel,Muppets Haunted Mansion
Matt Vogel,"Last Week Tonight with John Oliver,Emergency Medical Services,Lead"
Matt Vogel,"Sesame Street,Family Day,Let's Go Camping,Fourth of July,Lucky's Unlucky Day,The Great Fruit Strike,Show all 71 episodes"
Matt Vogel,"Donkey Hodie,The Masked Veggies/The Royal Hosts"
Matt Vogel,"Muppets Now,Socialized,The I.T. Factor,Sleep Mode,Getting Testy,Fever Pitch,Show all 6 episodes"
Matt Vogel,"Amphibia,Swamp and Sensibility/Wax Museum"
Matt Vogel,"The Not Too Late Show with Elmo,Jason Sudeikis/Ciara,Olivia Wilde/Sara Bareilles,Blake Lively/Dan + Shay"
Matt Vogel,Can't Cancel Pride
Matt Vogel,The ABC's of Covid-19: A CNN/Sesame Street Town Hall for Kids and Parents
Matt Vogel,The ABC's of Covid-19: A CNN/Sesame Street Town Hall for Kids and Parents
Matt Vogel,"Muppet Babies: Play Date,Let's Play Together,Kermit's Sing Along,Nursery Rhyme Theater,Cup Stacking,Kermit's Cookie Caper,Show all 6 episodes"
Matt Vogel,Sesame Street's 50th Anniversary Celebration
Matt Vogel,A Swingin' Sesame Street Celebration: 50 Years & Counting
Matt Vogel,"Lip Sync Battle,Episode #5.8"
Matt Vogel,"Drop the Mic,Kermit the Frog & Pepé vs. Miss Piggy & Beaker/Daniel Dae Kim vs. Josh Holloway vs. Harold Perrineau"
Matt Vogel,When You Wish Upon a Pickle: A Sesame Street Special
Matt Vogel,The Muppets Take the O2
Matt Vogel,"The Last Leg,Episode #14.7,Episode #14.5"
Matt Vogel,Pitch Perfect 3
Matt Vogel,"American Masters,This Is Bob Hope..."
Matt Vogel,The Magical Wand Chase: A Sesame Street Special
Matt Vogel,The Muppets Take The Bowl
Matt Vogel,The Muppets Thought of the Week
Matt Vogel,"The Furchester Hotel,A Furchester Christmas,The Count's Vacation,A Big Bird Surprise"
Matt Vogel,Sesame Street in Communities
Matt Vogel,Once Upon a Sesame Street Christmas
Matt Vogel,"CBeebies Bedtime Story,Birdsong"
Matt Vogel,Alice Through the Looking Glass
Matt Vogel,"The Muppets.,Because... Love,Generally Inhospitable,Little Green Lie,Got Silk?,A Tail of Two Piggies,Show all 17 episodes"
Matt Vogel,Elmo's World: Elmo Wonders
Matt Vogel,The Muppets: Kodachrome
Matt Vogel,Christmas with the Mormon Tabernacle Choir
Matt Vogel,The Muppets: Jungle Boogie
Matt Vogel,The Muppets: First Look Presentation
Matt Vogel,Sesame Street: Count on Elmo
Matt Vogel,"Late Night with Seth Meyers,Mariska Hargitay/Chelsea Peretti/Father John Misty/Elle King,Kelsey Grammer/Paula Pell/Sesame Street's The Count"
Matt Vogel,"Saturday Night Live,Taraji P. Henson/Mumford & Sons,Jason Segel/Florence and the Machine,Jeff Bridges/Eminem and Lil Wayne,Robert De Niro/Destiny's Child"
Matt Vogel,The Muppets Movie Adventures
Matt Vogel,22 Jump Street
Matt Vogel,Sesame Street: Elmo's World - All About Animals
Matt Vogel,Muppets Most Wanted
Matt Vogel,"Little Children, Big Challenges,Episode dated 10 December 2013,Incarceration"
Matt Vogel,Lady Gaga & the Muppets' Holiday Spectacular
Matt Vogel,"Late Night with Jimmy Fallon,Episode dated 25 September 2013,Episode dated 23 December 2011,Episode dated 23 December 2009"
Matt Vogel,"Good Morning America,Episode dated 13 September 2013,Episode dated 17 November 2011"
Matt Vogel,Scooby-Doo! Adventures: The Mystery Map
Matt Vogel,"Good Luck Charlie,Duncan Dream House"
Matt Vogel,CeeLo Green Feat. The Muppets: All I Need Is Love
Matt Vogel,All I Need Is Love
Matt Vogel,"Just for Laughs,The Muppets in Montreal"
Matt Vogel,Silver Linings Playbook
Matt Vogel,Sesame Street: Elmo's Alphabet Challenge
Matt Vogel,"Super Healthy Monsters,We Are Cooks,The bodies and their relationship with the heart,Language Coporal,A Healthy Breakfast,Eat Your Hours,Show all 8 episodes"
Matt Vogel,"Jimmy Kimmel Live!,Episode #10.137"
Matt Vogel,The Muppets
Matt Vogel,Growing Hope Against Hunger
Matt Vogel,OK Go & The Muppets: Muppet Show Theme Song
Matt Vogel,"Learn Along with Sesame,For Me, For You, For Later"
Matt Vogel,Sheldon
Matt Vogel,"Sesame Street: Preschool is Cool, ABCs with Elmo"
Matt Vogel,Inception
Matt Vogel,Elmo's World: Let's Play Music
Matt Vogel,Old Dogs
Matt Vogel,The Muppets: Bohemian Rhapsody
Matt Vogel,Elmo and Friends: The Letter Quest and Other Magical Tales
Matt Vogel,Families Stand Together: Feeling Secure in Tough Times
Matt Vogel,Elmo's World: All About Faces
Matt Vogel,Sesame Street: Bedtime with Elmo
Matt Vogel,Elmo and Abby's Birthday Fun
Matt Vogel,Elmo and the Bookaneers
Matt Vogel,Coming Home: Military Families Cope with Change
Matt Vogel,"30 Rock,Apollo, Apollo"
Matt Vogel,Sesame Street: Elmo Loves You
Matt Vogel,A Muppets Christmas: Letters to Santa
Matt Vogel,"Studio DC: Almost Live!,The Second Show"
Matt Vogel,Count on Sports
Matt Vogel,Sesame Street: Love the Earth!
Matt Vogel,Elmo's Christmas Countdown
Matt Vogel,Ready for School
Matt Vogel,Kids' Favorite Country Songs
Matt Vogel,Georgia Rule
Matt Vogel,Sesame Beginnings: Moving Together
Matt Vogel,Elmo's World: What Makes You Happy?
Matt Vogel,"Play with Me Sesame,Episode dated 1 January 2007,Dance the Hot Dog,Cookie Monster and Friends,Breakfast Time,Books,Show all 8 episodes"
Matt Vogel,Sesame Beginnings: Exploring Together
Matt Vogel,A Sesame Street Christmas Carol
Matt Vogel,Elmo's Potty Time
Matt Vogel,"Elmo's World,Friends,Bananas,Exercise,Singing"
Matt Vogel,"Blue's Clues,Meet Blue's Baby Brother,Playdates"
Matt Vogel,Elmo's World: Pets!
Matt Vogel,Sesame Beginnings: Beginning Together
Matt Vogel,Sesame Beginnings: Make Music Together
Matt Vogel,Guess That Shape and Color
Matt Vogel,"Bear in the Big Blue House,This Is Your Life, Bear"
Matt Vogel,Elmo's World: Reach for the Sky
Matt Vogel,Elmo Visits the Doctor
Matt Vogel,"Greg the Bunny,Dead Puppet Storage"
Matt Vogel,Sesame Street: All-Star Alphabet
Matt Vogel,Elmo's World: Food. Water & Exercise
Matt Vogel,Sesame Street: Friends to the Rescue
Matt Vogel,"Oobi,Valentine!,Chez Oobi!,Superheroes!,Fishing!,Nature Walk!,Show all 26 episodes"
Matt Vogel,"Blue's Room,Blue's Holiday Wishes"
Matt Vogel,"Elmo's World: Elmo Has Two! Hands, Ears & Feet"
Matt Vogel,Sesame Street: Zoe's Dance Moves
Matt Vogel,Sesame Street: Sesame Sings Karaoke
Matt Vogel,Sesame Street: Three Bears and a New Baby
Matt Vogel,Sesame Street 4-D
Matt Vogel,Elmo's World: The Great Outdoors
Matt Vogel,Elmo's World: Head to Toe with Elmo!
Matt Vogel,Sesame Street: Bert & Ernie's Word Play
Matt Vogel,Elmo's World: Happy Holidays!
Matt Vogel,Elmo Visits the Firehouse
Matt Vogel,Elmo's World: Wake Up with Elmo
Matt Vogel,Elmo's World: Springtime Fun!
Matt Vogel,Sesame Street: Kids' Favorite Songs 2
Matt Vogel,Elmo's World: The Wild Wild West
Matt Vogel,"Elmo's World: Birthdays, Games & More!"
Matt Vogel,Elmo's Magic Cookbook
Matt Vogel,Elmo's Musical Adventure: Peter and the Wolf
Matt Vogel,Muppet Race Mania
Matt Vogel,"Elmo's World: Flowers, Bananas & More"
Matt Vogel,"Elmo's World: Singing, Drawing & More!"
Matt Vogel,Sesame Street: Let's Make Music!
Matt Vogel,"Elmo's World: Babies, Dogs & More"
Matt Vogel,"Elmo's World: Dancing, Music, and Books"
Matt Vogel,Between the Lions
Matt Vogel,The Adventures of Elmo in Grouchland: Sing and Play Video
Matt Vogel,Sesame Street: CinderElmo
Matt Vogel,The Adventures of Elmo in Grouchland
Matt Vogel,Mathmatazz: A Sense for Cents
Matt Vogel,"Big Bag,Parrot Patrol,Bathtub Blues,Fair Play at the Country Fair,Chelli's in Charge,Case to the Missing Sock,Show all 29 episodes"
Matt Vogel,Sesame Street 'A Is for Asthma'
Matt Vogel,Elmopalooza!
Matt Vogel,Big Bird Gets Lost
Matt Vogel,Sesame Street: Fiesta!
Matt Vogel,Sesame Street: Quiet Time
Matt Vogel,Sesame Street: Telling the Truth
Matt Vogel,Sesame Street: Elmo Saves Christmas
Matt Vogel,"The Puzzle Place,You Don't Match,Up!,To Have and Have Not,Spooky,I'm Talking to You,Show all 10 episodes"
Matt Vogel,Sesame Street: See Us Coming Together
Matt Vogel,Sesame Street: Elmo's Playdate Scavenger Hunt
Matt Vogel,Sesame Street: Elmo's Playdate
Matt Vogel,"Helpsters,Singing Starlett / Heart's Family Photo"
Matt Vogel,"Sesame Street,New Year's Eve on Sesame Street,Mi Amiguita Rosita,Afraid of the Bark,There's an App for That,Mary, Mary Quite Contrary"
Matt Vogel,Once Upon a Sesame Street Christmas
Matt Vogel,Sesame Street: The Best of Elmo 3
Matt Vogel,Sesame Street: M Is for Mystery
Matt Vogel,"Little Children, Big Challenges,Episode dated 10 December 2013"
Matt Vogel,Sesame Street: Fairy Tale Fun!
Matt Vogel,Sesame Street: Preschool Is Cool - Making Friends
Matt Vogel,Sheldon
Matt Vogel,"Swamp Lion,completed"
Matt Vogel,Sesame Street: See Us Coming Together
Matt Vogel,"Sesame Street,Family Day,Holiday at Hoopers,Cardboard Castle,Bye Bye Boo Boos,Camp Out,Show all 6 episodes"
Matt Vogel,The Power of We: A Sesame Street Special
Matt Vogel,Sesame Street: Elmo's Playdate
Matt Vogel,Sheldon
Matt Vogel,"Muppet Babies: Play Date,Let's Play Together,Joking Around with Fozzie"
Matt Vogel,"Portlandia,Fashion"
Matt Vogel,The Producers
Matt Vogel,The Adventures of Elmo in Grouchland
Matt Vogel,Muppets Most Wanted
Matt Vogel,Lady Gaga & the Muppets' Holiday Spectacular
Matt Vogel,"Saturday Night Live,Jason Segel/Florence and the Machine"
Matt Vogel,The Muppets
Matt Vogel,Sheldon
Matt Vogel,Elmo's World: Happy Holidays!
Matt Vogel,Sesame Street: See Us Coming Together
Matt Vogel,Furry Friends Forever: Elmo Gets a Puppy
Matt Vogel,A Capitol Fourth
Matt Vogel,Disney+ 'This Is Me' Pride Celebration Spectacular
Matt Vogel,"Double Toasted,MATT VOGEL INTERVIEW - Double Toasted"
Matt Vogel,"Monday Night Countdown,Episode dated 21 December 2020"
Matt Vogel,"NFL Monday Night Football,Pittsburgh Steelers at. Cincinnati Bengals"
Matt Vogel,The Disney Holiday Singalong
Matt Vogel,"The Drew Barrymore Show,Emma Roberts/Big Bird/Ayesha Curry"
Matt Vogel,The 72nd Primetime Emmy Awards
Matt Vogel,The ABCs of Back to School- A CNN Sesame Street Town Hall for Families
Matt Vogel,Sesame Street: Elmo's Playdate Scavenger Hunt
Matt Vogel,Soundtrack of Our Lives: A Celebration for the Film & TV Music Community
Matt Vogel,Coming Together: Standing Up to Racism
Matt Vogel,"Dear...,Big Bird"
Matt Vogel,Sesame Street: Elmo's Playdate
Matt Vogel,The 42nd Annual Kennedy Center Honors
Matt Vogel,"Marvel LIVE from 2019 San Diego Comic Con,Day 3"
Matt Vogel,A Capitol Fourth
Matt Vogel,"Carpool Karaoke,Jason Sudeikis & The Muppets"
Matt Vogel,A Very Pentatonix Christmas
Matt Vogel,"Dancing with the Stars,Week 5: Disney Night"
Matt Vogel,"Crash Course: Economics,Intro to Economics"
Matt Vogel,"mental_floss: The List Show,20 Facts About the Muppets (Feat. The Muppets!)"
Affan Tareen,Fortress
Affan Tareen,"Outsourced,Jolly Vindaloo Day,Party of Five,The Measure of a Manmeet,Pilot"
Affan Tareen,Ivy League Romance
Affan Tareen,Inception
Affan Tareen,"Deadliest Warrior,Roman Centurion vs. Rajput Warrior"
Affan Tareen,"Flashforward,Countdown"
Affan Tareen,24: Redemption
Affan Tareen,Ivy League Romance
Affan Tareen,Ivy League Romance
Affan Tareen,Ivy League Romance
Affan Tareen,Ivy League Romance
Matt Vogel,"Oprah: Where Are They Now?,Beth Holloway/Original Cast of MTV's Real World Reunion/Popstar Tiffany"
Matt Vogel,Sky: Step into the Adventure Christmas
Matt Vogel,YouTube Rewind: Turn Down for 2014
Matt Vogel,I Am Big Bird: The Caroll Spinney Story
Matt Vogel,"Ant & Dec's Saturday Night Takeaway,Episode #11.5"
Matt Vogel,"The Bachelor,The Women Tell All"
Matt Vogel,"Katie,Trick or Treat with Bette Midler"
Matt Vogel,"Christmas in Rockefeller Center,Christmas in Rockefeller Center"
Matt Vogel,"America's Got Talent,Episode #4.22"
Matt Vogel,The 36th Annual Daytime Emmy Awards
Matt Vogel,"Sunny Side Up,Birthdays Week"
Matt Vogel,When Parents Are Deployed
Matt Vogel,Blue's Clues LIVE!
Matt Vogel,"The Late Show with Stephen Colbert,Jonathan Karl/Brandi Carlile"
Matt Vogel,"CBS News Sunday Morning,Episode #42.50"
Matt Vogel,"The Morning Show,Episode dated 26 July 2017"
Matt Vogel,Sesame Street: The Best of Elmo 3
Matt Vogel,"Lman Time,Toughpigs.com,The muppets say goodbye to late night with jimmy Fallon"
Matt Vogel,"Sesame Street,Rocco's Playdate"
Matt Vogel,"A Current Affair,Episode dated 20 December 2011"
Matt Vogel,Sesame Street: The Best of Sesame Spoofs Vol. 1 & Vol. 2
Matt Vogel,"Sunday Night,Australia Goes Behind-the-Scenes of 'Muppets Most Wanted'"
Matt Vogel,Sesame Street: Computer Caper
Arnold Montey,Tenet
Arnold Montey,The Old Guard
Arnold Montey,The Invisible Man
Arnold Montey,Little Women
Arnold Montey,The Souvenir
Arnold Montey,Green Book
Arnold Montey,Widows
Arnold Montey,Darkest Hour
Arnold Montey,Baby Driver
Arnold Montey,Get Out
Arnold Montey,T2 Trainspotting
Arnold Montey,Fantastic Beasts and Where to Find Them
Arnold Montey,Inferno
Arnold Montey,Nocturnal Animals
Arnold Montey,La La Land
Arnold Montey,Star Wars: Episode VII - The Force Awakens
Arnold Montey,Star Trek Wars
Arnold Montey,Spectre
Arnold Montey,The Martian
Arnold Montey,Steve Jobs
Arnold Montey,Macbeth
Arnold Montey,"Grayson: Earth One,The Boy and the Bullet"
Arnold Montey,Testament of Youth
Arnold Montey,The Theory of Everything
Arnold Montey,The Imitation Game
Arnold Montey,Calvary
Arnold Montey,Whiplash
Arnold Montey,12 Years a Slave
Arnold Montey,Prisoners
Arnold Montey,"Doctor Who: The Forgotten Doctor,Torchwood Part II,Torchwood Part I"
Arnold Montey,Django Unchained
Arnold Montey,Seven Psychopaths
Arnold Montey,"Star Trek: Secret Voyage,Star Trek Secret Voyage: Whose Birth These Triumphs Are"
Arnold Montey,Prometheus
Arnold Montey,Tinker Tailor Soldier Spy
Arnold Montey,The Help
Arnold Montey,"The Battle of Hogwarts,Chapter 5: Closure,Chapter 4: Memorial,Chapter 3: Regret,Chapter 2: Mysteries,Chapter 1: Artifacts"
Arnold Montey,The Social Network
Arnold Montey,Inception
Arnold Montey,Shutter Island
Arnold Montey,A Single Man
Arnold Montey,Inglourious Basterds
Arnold Montey,Angels & Demons
Arnold Montey,Gran Torino
Arnold Montey,"Star Trek: Federation One,Unity"
Arnold Montey,Quantum of Solace
Arnold Montey,"Star Trek: Osiris,Eclipse Part 1"
Arnold Montey,In Bruges
Arnold Montey,There Will Be Blood
Arnold Montey,Eastern Promises
Arnold Montey,Atonement
Arnold Montey,"Star Trek: Intrepid,Heavy Lies the Crown"
Arnold Montey,Hot Fuzz
Arnold Montey,Casino Royale
Arnold Montey,The Departed
Arnold Montey,The Da Vinci Code
Arnold Montey,V for Vendetta
Arnold Montey,Pride & Prejudice
Arnold Montey,Batman Begins
Arnold Montey,Star Wars: Episode III - Revenge of the Sith
Arnold Montey,Million Dollar Baby
Arnold Montey,Layer Cake
Arnold Montey,Vera Drake
Arnold Montey,Cold Mountain
Arnold Montey,Gangs of New York
Arnold Montey,The Lord of the Rings: The Two Towers
Arnold Montey,The Pianist
Arnold Montey,Star Wars: Episode II - Attack of the Clones
Arnold Montey,A Beautiful Mind
Arnold Montey,The Lord of the Rings: The Fellowship of the Ring
Arnold Montey,Vanilla Sky
Arnold Montey,The Score
Arnold Montey,Mulholland Drive
Arnold Montey,Almost Famous
Arnold Montey,Snatch
Arnold Montey,Gladiator
Arnold Montey,Magnolia
Arnold Montey,The Green Mile
Arnold Montey,Topsy-Turvy
Arnold Montey,Star Wars: Episode I - The Phantom Menace
Arnold Montey,Rushmore
Arnold Montey,The Truman Show
Arnold Montey,Jackie Brown
Arnold Montey,Boogie Nights
Arnold Montey,Gattaca
Arnold Montey,The Full Monty
Arnold Montey,Hamlet
Arnold Montey,Trainspotting
Arnold Montey,Casino
Arnold Montey,Apollo 13
Arnold Montey,Braveheart
Arnold Montey,Shallow Grave
Arnold Montey,"I, Infiltrator,announced"
Arnold Montey,Sun's Down
Arnold Montey,"Nightwing: The Series,Legacy,Oracle,Descent,Origins,Deathstroke"
Arnold Montey,Riddle of the Mask
Arnold Montey,The Marauders
Arnold Montey,Reflector
Arnold Montey,"The Battle of Hogwarts,Chapter 5: Closure,Chapter 4: Memorial,Chapter 3: Regret,Chapter 2: Mysteries,Chapter 1: Artifacts"
Arnold Montey,Star Wars: Extintion
Arnold Montey,The Chosen One
Arnold Montey,Star Raiders: The Adventures of Saber Raine
Arnold Montey,Darth Maul: Apprentice
Arnold Montey,Exile: A Star Wars Story
Arnold Montey,Severus Snape and the Marauders
Arnold Montey,Revan
Arnold Montey,The Splinter Cell
Arnold Montey,Prelude to Axanar
Arnold Montey,The Tale of the Three Brothers
Arnold Montey,The Greater Good
Arnold Montey,The Marauders
Arnold Montey,Reflector
Arnold Montey,"The Battle of Hogwarts,Chapter 5: Closure,Chapter 4: Memorial,Chapter 3: Regret,Chapter 2: Mysteries,Chapter 1: Artifacts"
Arnold Montey,"I, Infiltrator,announced"
Arnold Montey,Day One
Arnold Montey,The Shape
Arnold Montey,Alone
Arnold Montey,Beyond the Dune Sea
Arnold Montey,Operation Flashfire
Arnold Montey,Far Horizons
Arnold Montey,Resurgence
Arnold Montey,Spirit of the Hero
Arnold Montey,Operation Sandstorm
Arnold Montey,Star Wars: The Force Unleashed
Arnold Montey,Mad Max: The Wasteland
Arnold Montey,Operation Havoc
Arnold Montey,Jurassic Park: Prime Survival
Arnold Montey,Kill Bill: Origins
Arnold Montey,The Splinter Cell
Arnold Montey,Prelude to Axanar
Arnold Montey,The Greater Good
Arnold Montey,The Marauders
Arnold Montey,"The Battle of Hogwarts,Chapter 5: Closure,Chapter 1: Artifacts"
Arnold Montey,Star Wars Legends: Legacy of the Force
Arnold Montey,The Splinter Cell
Arnold Montey,The Batman Chronicles
Arnold Montey,The Greater Good
Arnold Montey,Reflector
Arnold Montey,The Greater Good
Arnold Montey,The Marauders
Arnold Montey,"The Battle of Hogwarts,Chapter 1: Artifacts"
Jean-Christophe Leger,Inception
Leticia LaBelle,"A Bullet for Breakfast,pre-production"
Jean-Christophe Leger,Robin Hood
Jean-Christophe Leger,Press Play
Jean-Christophe Leger,Born Without a Beat: The Journey of a Deaf Raver
Jean-Christophe Leger,Born Without a Beat: The Journey of a Deaf Raver
Leticia LaBelle,"Dawn of the Predator,post-production"
Leticia LaBelle,"Waken,post-production"
Leticia LaBelle,"The Seven Faces of Jane,post-production"
Leticia LaBelle,"Tales from the Other Side,post-production"
Leticia LaBelle,"Swipe Right,completed"
Leticia LaBelle,"The Bullet Always Finds the Bastard,completed"
Leticia LaBelle,HumBugs
Leticia LaBelle,"Lace,Grapes of Wrath,New Wine,Blood on the Leaves,Suspicious Vineyards"
Leticia LaBelle,What Bitch?
Leticia LaBelle,Land of Pyrite //Land of Gold
Leticia LaBelle,Ally3000
Leticia LaBelle,Trauma Informed
Leticia LaBelle,Coyote
Leticia LaBelle,March
Leticia LaBelle,D-Railed
Leticia LaBelle,This Is My Story
Leticia LaBelle,"Lost Memories,Coming Together,Making Progress,What's Going On,Happy Birthday"
Leticia LaBelle,"Recuerdos Perdidos,Vamos Juntos,Realizando el proceso,Que es lo que esta pasando?,Feliz Cumpleaños"
Leticia LaBelle,"Una Palabra,Abandonment"
Leticia LaBelle,The Lottery
Leticia LaBelle,"Betrayed,The Devil You Know"
Leticia LaBelle,"7 Minutos,Elda Perez"
Leticia LaBelle,"Esta es mi historia,Jadira Aguilar"
Leticia LaBelle,Nanobots at the DMV
Leticia LaBelle,Celeste Buckingham: Unpredictable
Leticia LaBelle,Fairhaven
Leticia LaBelle,Happy Halloween
Leticia LaBelle,One Way Ticket
Leticia LaBelle,The Child
Leticia LaBelle,Inception
Leticia LaBelle,"Veronica Mars,Pilot"
Leticia LaBelle,"Swipe Right,completed"
Leticia LaBelle,HumBugs
Leticia LaBelle,"Swipe Right,completed"
Leticia LaBelle,HumBugs
John Lawson,"The Interrogation of John Doe,pre-production"
John Lawson,A Quiet Night at Home
John Lawson,Not Abandoned
John Lawson,"Casualty,Episode #33.8"
John Lawson,A Domestic Incident in Boylan Heights
John Lawson,Inception
John Lawson,For The Very Last Time
John Lawson,Fray
John Lawson,Body of Lies
John Lawson,Locked Out
John Lawson,Loot
John Lawson,Two Soldiers
John Lawson,Doomsday Man
John Lawson,"The Young Indiana Jones Chronicles,Young Indiana Jones and the Scandal of 1920"
John Lawson,Say Goodbye
John Lawson,A Quiet Night at Home
John Lawson,A Domestic Incident in Boylan Heights
John Lawson,For The Very Last Time
John Lawson,Fray
John Lawson,Scelerophobia
John Lawson,Locked Out
John Lawson,Loot
John Lawson,True Crime XS
John Lawson,A Quiet Night at Home
John Lawson,Not Abandoned
John Lawson,A Domestic Incident in Boylan Heights
John Lawson,For The Very Last Time
John Lawson,Fray
John Lawson,Scelerophobia
John Lawson,Locked Out
John Lawson,Loot
John Lawson,"The Interrogation of John Doe,pre-production"
John Lawson,True Crime XS
John Lawson,A Domestic Incident in Boylan Heights
John Lawson,For The Very Last Time
John Lawson,Fray
John Lawson,Scelerophobia
John Lawson,Locked Out
John Lawson,Two Soldiers
John Lawson,Domestic Disturbance
John Lawson,A Domestic Incident in Boylan Heights
John Lawson,Last Call
John Lawson,True Crime XS
Seong-hwan Jo,The Battle of Jangsari
Seong-hwan Jo,Petty Romance
Seong-hwan Jo,Inception
Seong-hwan Jo,Family Ties
Mobin Khan,"A Man of Two Worlds,pre-production"
Mobin Khan,"Top Gun: Maverick,completed"
Mobin Khan,"Homeland,Prisoners of War"
Mobin Khan,Katy Perry: Small Talk
Mobin Khan,Splitting Up Together
Mobin Khan,The Tale
Mobin Khan,Thin Ice
Mobin Khan,The God of Death
Mobin Khan,"Roman J. Israel, Esq."
Mobin Khan,The House
Mobin Khan,"Doubt,To See, to Tell,Poison Prize"
Mobin Khan,"Powerless,Win, Luthor, Draw"
Mobin Khan,"The Real O'Neals,The Real Mr. Nice Guy"
Mobin Khan,Altered Spirits
Mobin Khan,Dil Toh Deewana Hai
Mobin Khan,"The Neighbors,There Goes the Neighbors' Hood,Balle Balle,Challoweenukah,It Has Begun...,Mo Purses Mo Money Mo Problems,Show all 24 episodes"
Mobin Khan,Silicon Valley
Mobin Khan,Bad Management
Mobin Khan,The Treason
Mobin Khan,"Scandal,A Woman Scorned"
Mobin Khan,"My Roommate the,Gleek"
Mobin Khan,"Don't Trust the B---- in Apartment 23,The Scarlet Neighbor..."
Mobin Khan,"Wedding Band,99 Problems"
Mobin Khan,Tim and Eric's Billion Dollar Movie
Mobin Khan,Americano
Mobin Khan,We Will Rock You
Mobin Khan,Courage
Mobin Khan,Skyline
Mobin Khan,"Castle,Almost Famous"
Mobin Khan,Hotel Hollywood
Mobin Khan,Inception
Mobin Khan,Valentine's Day
Mobin Khan,Butterfinger
Mobin Khan,Alien Conspiracy
Mobin Khan,The Saree Struggle
Mobin Khan,"Tim and Eric Awesome Show, Great Job!,Dad's Off"
Mobin Khan,Return Home
Mobin Khan,Pirates of the Caribbean: At World's End
Mobin Khan,Sirf Romance: Love by Chance
Mobin Khan,The Boys & Girls Guide to Getting Down
Mobin Khan,The Big Empty
Mobin Khan,In Good Company
Mobin Khan,The Terminal
Mobin Khan,2012
Mobin Khan,The League of Extraordinary Gentlemen
Mobin Khan,He Named Me Malala
Mobin Khan,"Tim and Eric Awesome Show, Great Job!,Tennis"
Alonzo F. Jones,"Stolen Dreams,completed"
Alonzo F. Jones,"Contrast,completed"
Alonzo F. Jones,"Queen Sugar,If You Could Enter Their Dreaming"
Alonzo F. Jones,Artist Monologues
Alonzo F. Jones,Should've Put a Ring on It
Alonzo F. Jones,Inception
Alonzo F. Jones,Trap
Alonzo F. Jones,Invincible Scripture
Alonzo F. Jones,The Greatest Song
Alonzo F. Jones,Shelter: A Monster Movie
Alonzo F. Jones,Edges of Darkness
Alonzo F. Jones,Sunday School
Alonzo F. Jones,Eli's Liquor Store
Alonzo F. Jones,Take
Alonzo F. Jones,The TV Set
Alonzo F. Jones,Freedomland
Alonzo F. Jones,Shopgirl
Alonzo F. Jones,Breakin' All the Rules
Alonzo F. Jones,The Bagman
Alonzo F. Jones,"The Parkers,My Two Dads"
Alonzo F. Jones,The Shawshank Redemption
Alonzo F. Jones,"Contrast,completed"
Alonzo F. Jones,Untitled Leonard Wise Project
Alonzo F. Jones,'Doc' Crow: The Legend of Johnny 2-Strings
Alonzo F. Jones,Le Canario
Alonzo F. Jones,Thug Love
Alonzo F. Jones,Eli's Liquor Store
Alonzo F. Jones,"Contrast,completed"
Alonzo F. Jones,Artist Monologues
Alonzo F. Jones,'Doc' Crow: The Legend of Johnny 2-Strings
Alonzo F. Jones,Le Canario
Alonzo F. Jones,Revenge or Forgiveness
Alonzo F. Jones,Eli's Liquor Store
Alonzo F. Jones,The Everlasting Rest
Alonzo F. Jones,Revenge or Forgiveness
Alonzo F. Jones,Shelter: A Monster Movie
Alonzo F. Jones,Monsters in the Woods
Alonzo F. Jones,The Everlasting Rest
Alonzo F. Jones,Eli's Liquor Store
Alonzo F. Jones,'Doc' Crow: The Legend of Johnny 2-Strings
Alonzo F. Jones,American Sharia
Alonzo F. Jones,The Guardian Angel
Shunsaku Kudô,Moonlight Diner
Shunsaku Kudô,"Tokkai - furyô saiken tokubetsu kaishû bu -,Episode #1.3"
Shunsaku Kudô,Smoky&Bitter
Shunsaku Kudô,Amerika ni Makenakatta Otoko
Shunsaku Kudô,A Man in Love
Shunsaku Kudô,"Cop Seven,Episode #5.10,Episode #5.1,Episode #2.8"
Shunsaku Kudô,Aircraft Carrier Ibuki
Shunsaku Kudô,Dorama SP shimei keiji no taimurimitto
Shunsaku Kudô,Yakuza Kiwami 2
Shunsaku Kudô,"Doctor X,Episode #4.11,Episode #4.10"
Shunsaku Kudô,"The Memorandum of Kyoko Okitegami,Episode #1.10,Episode #1.8,Episode #1.5,Episode #1.4,Episode #1.2"
Shunsaku Kudô,"Beauty and the Boy,Episode #1.14,Episode #1.8,Episode #1.7"
Shunsaku Kudô,"Yamegoku: Yakuza yamete itadakimasu,Episode #1.7"
Shunsaku Kudô,25
Shunsaku Kudô,"Hero,Episode dated 1 September 2014"
Shunsaku Kudô,"AIBOU: Tokyo Detective Duo,Episode #12.10"
Shunsaku Kudô,"Andô Lloyd: A.I. Knows Love?,Episode #1.1"
Shunsaku Kudô,"Hanchô: Jinnansho Azumihan,Episode #6.8"
Shunsaku Kudô,Haguregumi vs Ninja
Shunsaku Kudô,"Chat Noir Lucy,Senji wa iu. Chabashira ga tatsu to nantara,Senjin wa iu. Tabete sugu neru to ushi ni nantara,Senjin wa iu. Nagare-boshi wo mitara san-kai negai-goto wo nantara,Senjin wa iu. Kuro-neko ga yokogiru to nantara"
Shunsaku Kudô,The Time of Death
Shunsaku Kudô,Flower & Snake 3
Shunsaku Kudô,"Natsu no koi wa nijiiro ni kagayaku,Episode #1.2"
Shunsaku Kudô,Inception
Shunsaku Kudô,"Tôkyô Dogs,Episode #1.10,Episode #1.9,Episode #1.8,Episode #1.7"
Shunsaku Kudô,Yonimo kimyô na monogatari: Aki no tokubetsu hen
Shunsaku Kudô,The Message
Shunsaku Kudô,"Boss,Episode #1.8"
Shunsaku Kudô,"Hissatsu shigotonin 2009,Episode #1.1"
Shunsaku Kudô,"Bloody Monday,Episode #1.11,Episode #1.10,Episode #1.9,Episode #1.8,Episode #1.7,Show all 11 episodes"
Shunsaku Kudô,428: Fûsa sareta Shibuya de
Shunsaku Kudô,"Taiwan 1895,Episode #1.37,Episode #1.29,Episode #1.26,Episode #1.12,Episode #1.11,Show all 9 episodes"
Shunsaku Kudô,"Gonzô: Densetsu no keiji,Episode #1.5"
Shunsaku Kudô,"4 shimai tanteidan,Episode #1.9"
Shunsaku Kudô,"Yûkan kurabu,Episode #1.10"
Shunsaku Kudô,The Suicide Song
Shunsaku Kudô,Yakuza 2
Shunsaku Kudô,The Innocent Man in Love
Shunsaku Kudô,"Gransazer,The Day of Resurrection,Tenma Dies!,The Cosmic Alliance Army Begins Its Advance!,The Dragon's Memory, The Sacred Purpose,The Destruction's Prelude,Show all 43 episodes"
Shunsaku Kudô,Yomigaeri
Shunsaku Kudô,"Yamato nadeshiko,Itsuka ôji sama ga"
Shunsaku Kudô,"Burû Suwatto,The Mission"
Shunsaku Kudô,"Earth Squadron Fiveman,Fubo no Yukue,Teki Kichi Totsunyû,Kan Fû Tamashii,Terebi no Koi,Kan Fû Tamashii,Show all 46 episodes"
Charles Jarrell,Inception
Charles Jarrell,Hot Money Girl
Guy Iannacone,X-Men: Dark Phoenix
Guy Iannacone,Inception
Guy Iannacone,Step Brothers
Guy Iannacone,Fluidity
Guy Iannacone,The Last Film Festival
Guy Iannacone,The Hangover
Allan Hale,Inception
Marguerite Gioia Insolia,"Clarendon, Texas,pre-production"
Natalie Goldwin,Hitwoman
Natalie Goldwin,Scarlett: Die Like Roses
Natalie Goldwin,Bevy
Allan Hale,"The Londoners,Episode #1.2"
Allan Hale,Born on the Fourth of July
Allan Hale,"Man Against Crime,Will o' the Wisp"
Allan Hale,Anacardium
Allan Hale,"The Reality of Speed,The Reality of Speed"
Marguerite Gioia Insolia,"What Is Wrong with Us?,completed"
Marguerite Gioia Insolia,The WOMAN Collection
Marguerite Gioia Insolia,Recondition
Marguerite Gioia Insolia,False Colors
Marguerite Gioia Insolia,ODY
Marguerite Gioia Insolia,Poor Greg Drowning
Marguerite Gioia Insolia,Camila
Marguerite Gioia Insolia,Guber: Rideshare Stories
Marguerite Gioia Insolia,Awarewolf
Marguerite Gioia Insolia,"Glimpses of Greg,Peyton"
Marguerite Gioia Insolia,"Tiff's Top Tips,405 Pledge,Real Techniques,Your Q's Answered: Marilyn & Men,Duper Lush Lashes,Beauty, Boyfriends, and Blue Moons"
Marguerite Gioia Insolia,"Pitiful Creatures,The Wrong Eulogy"
Marguerite Gioia Insolia,Shit You've Done in an Uber
Marguerite Gioia Insolia,The Bachelor Chapters
Marguerite Gioia Insolia,The Pick Up Diaries
Marguerite Gioia Insolia,Hashtag BLESSED
Marguerite Gioia Insolia,The Muse
Marguerite Gioia Insolia,Santa Claws
Marguerite Gioia Insolia,Strangers
Marguerite Gioia Insolia,Tinder Testimonials
Marguerite Gioia Insolia,Ready or Not
Marguerite Gioia Insolia,Coat Room
Marguerite Gioia Insolia,Dead on Appraisal
Marguerite Gioia Insolia,Nothing in Los Angeles
Marguerite Gioia Insolia,The Burden
Marguerite Gioia Insolia,Our Friends Are F*cking
Marguerite Gioia Insolia,"Go, Bolivia, Go!"
Marguerite Gioia Insolia,Was That Italian?
Marguerite Gioia Insolia,"Massholes,The Fahkin' Finale,Operation Bring Kenny Back Part 2,Operation Bring Kenny Back Part 1,Moving Day,The Gentleman's Conga,Show all 23 episodes"
Marguerite Gioia Insolia,"CollegeHumor Originals,The Walking Dead Meets Congress"
Marguerite Gioia Insolia,Boston Broads
Marguerite Gioia Insolia,The Stone
Marguerite Gioia Insolia,The Whiskey Girls
Marguerite Gioia Insolia,"The Casting Office,Episode #1.10"
Marguerite Gioia Insolia,The Rehearsal Dinner
Marguerite Gioia Insolia,We the People
Marguerite Gioia Insolia,Let Go
Marguerite Gioia Insolia,Bloody Wedding
Marguerite Gioia Insolia,Jewbat
Marguerite Gioia Insolia,Slickback
Marguerite Gioia Insolia,The Garden
Marguerite Gioia Insolia,Hinnon Valley
Marguerite Gioia Insolia,Robbie Williams & Gary Barlow: Shame
Marguerite Gioia Insolia,Inception
Marguerite Gioia Insolia,Unlikely Prophets
Marguerite Gioia Insolia,Natale a Beverly Hills
Marguerite Gioia Insolia,"Mad Men,The Grown-Ups"
Marguerite Gioia Insolia,Beat Hyve
Marguerite Gioia Insolia,Tiff's Top Tips
Marguerite Gioia Insolia,The Pick Up Diaries
Marguerite Gioia Insolia,Tinder Testimonials
Marguerite Gioia Insolia,Days of the Week
Marguerite Gioia Insolia,Boston Broads
Marguerite Gioia Insolia,Beat Hyve
Marguerite Gioia Insolia,Tiff's Top Tips
Marguerite Gioia Insolia,The Pick Up Diaries
Marguerite Gioia Insolia,Tinder Testimonials
Marguerite Gioia Insolia,Days of the Week
Marguerite Gioia Insolia,Boston Broads
Marguerite Gioia Insolia,Beat Hyve
Marguerite Gioia Insolia,The Pick Up Diaries
Marguerite Gioia Insolia,Tinder Testimonials
Marguerite Gioia Insolia,Days of the Week
Marguerite Gioia Insolia,Boston Broads
Natalie Goldwin,"Arch Agency,Doesy Doe"
Natalie Goldwin,The Red Slayer
Natalie Goldwin,Dr. Nguyen
Natalie Goldwin,"No Money, No Beer"
Natalie Goldwin,"Kung Fu Comedy,Episode #3"
Natalie Goldwin,Bounty Hunters
Natalie Goldwin,Clear Blue
Natalie Goldwin,Fight Night Champion
Natalie Goldwin,Dinner for Schmucks
Natalie Goldwin,Inception
Natalie Goldwin,Airline Disaster
Natalie Goldwin,Mega Piranha
Natalie Goldwin,"She Is Not Your Daughter,post-production"
Natalie Goldwin,"Your Boyfriend is Mine,post-production"
Natalie Goldwin,Scarlett: Die Like Roses
Natalie Goldwin,The Red Slayer
Natalie Goldwin,"No Money, No Beer"
Natalie Goldwin,Bounty Hunters
Natalie Goldwin,The Red Slayer
Natalie Goldwin,"No Money, No Beer"
Natalie Goldwin,The Red Slayer
Natalie Goldwin,"No Money, No Beer"
Natalie Goldwin,The Red Slayer
Natalie Goldwin,The 39th Annual People's Choice Awards
Marguerite Gioia Insolia,"Bonnie,completed"
Marguerite Gioia Insolia,Beat Hyve
Marguerite Gioia Insolia,"Real Scares,Paranormal: Jean-Pierre"
Marguerite Gioia Insolia,Days of the Week
Daniel Girondeaud,"Blood Dust,post-production"
Daniel Girondeaud,The Emperor of Paris
Daniel Girondeaud,"Antigone 34,Episode #1.3,Episode #1.2,Episode #1.1"
Daniel Girondeaud,"Rani,Marquise,Bâtarde,Brigande"
Daniel Girondeaud,18 Years Old and Rising
Daniel Girondeaud,A Butterfly Kiss
Daniel Girondeaud,Inception
Daniel Girondeaud,Talk 2 Me
Daniel Girondeaud,"Le juge est une femme,Mort de rire"
Daniel Girondeaud,Mensch
Daniel Girondeaud,To Die of Love
Daniel Girondeaud,"Suite noire,La reine des connes"
Daniel Girondeaud,Taken
Daniel Girondeaud,"Blood Dust,post-production"
Daniel Girondeaud,The Emperor of Paris
Daniel Girondeaud,La menace d'une rose
Daniel Girondeaud,Intouchables - Websérie
Daniel Girondeaud,"Antigone 34,Episode #1.3"
Daniel Girondeaud,Angels
Daniel Girondeaud,A Butterfly Kiss
Daniel Girondeaud,"Hans, Lee & Papa Schultz"
Daniel Girondeaud,Inception
Daniel Girondeaud,Talk 2 Me
Daniel Girondeaud,It Begins with the End
Daniel Girondeaud,"Suite noire,La reine des connes"
Daniel Girondeaud,Rue Oberkampf
Daniel Girondeaud,Goal of the Dead
Daniel Girondeaud,La chepor
Daniel Girondeaud,Le nécrophile
Daniel Girondeaud,Rue Oberkampf
Daniel Girondeaud,"Metal Hurlant Chronicles,Three on a Match"
Daniel Girondeaud,"Le grand journal de Canal+,Episode dated 16 October 2006"
Zachary Christopher Fay,Bridesmaids
Zachary Christopher Fay,Hop
Zachary Christopher Fay,"Pretty Little Liars,There's No Place Like Homecoming"
Zachary Christopher Fay,Inception
Zachary Christopher Fay,Cyrus
Zachary Christopher Fay,"Medium,Time Keeps on Slipping"
Zachary Christopher Fay,"Charmed,Lost and Bound"
Zachary Christopher Fay,"The Principal's Office,Monkeying Around,Please Don't Call My Mom,Birds and Bees"
Zachary Christopher Fay,"New York Goes to Hollywood,California Here I Come!"
Andrew Hoagland,"Love & Marriage: Huntsville,Reunion Part 3,Reunion Part 2,Reunion Part 1,Lo-And-Be-Holt!,Pot Calling The Kettle Blaque,Show all 62 episodes"
Andrew Hoagland,"Relationshipped,The One Where Jason Cries,Look Who's Back!,Let's Get Twisted,What is She Doing with that Stethoscope?,Sneaking Through the Window,Show all 10 episodes"
Andrew Hoagland,Gucci Mane and Keyshia Ka'Oir: The Mane Event
Andrew Hoagland,"Little Women: Atlanta,Reunion, Part 2,Reunion, Part 1,Booty and the Beach,Beach Bound,Tammie Turns Up,Show all 6 episodes"
Andrew Hoagland,"K.Michelle: My Life,Will Puff Go Poof?,Love Is on the Air,Wigged Out,You Should Be with Me,Restaurant Impossible,Show all 8 episodes"
Andrew Hoagland,"Little Women: LA,Matt and Briana - Part 2,Matt and Briana - Part 1,Reunion Special Part 2,Reunion Part 2,Reunion Special Part 1,Show all 6 episodes"
Andrew Hoagland,"The Next 15,Reunion Part 2,Reunion Part 1,That's a Wrap!,Boo Hoo Kitty,NY Goes MIA,Show all 10 episodes"
Andrew Hoagland,Selling It: In the ATL
Andrew Hoagland,"My Super Sweet 16,Reginae Carter and Lil Wayne"
Andrew Hoagland,"Hollywood Divas,Reunion Part 2,Reunion Part 1,Episode #1.8,Episode #1.7,Episode #1.6,Show all 10 episodes"
Andrew Hoagland,"Basketball Wives LA,Basketball Wives LA Reunion,Episode #3.10,Episode #3.9,Episode #3.8,Episode #3.7,Show all 17 episodes"
Andrew Hoagland,"Basketball Wives,Episode #5.10,Episode #5.9,Episode #5.6,Episode #5.4,Episode #5.2,Show all 44 episodes"
Andrew Hoagland,"Mary Knows Best,Justify Your Eccentricities,Nothing Goes Unnoticed,Roots and Rhythm,A Family Affair"
Andrew Hoagland,"Private Chefs of Beverly Hills,Teenage Tasteland,It Ain't Easy Being Green,Challah Back,Rockin' Rolls,Foodzilla,Show all 6 episodes"
Andrew Hoagland,"More to Love,Episode #1.6,Episode #1.2,Episode #1.1"
Andrew Hoagland,"D.E.A.,Episode #2.9,Episode #2.8,Episode #2.6,Episode #2.5,Episode #2.4,Show all 8 episodes"
Andrew Hoagland,"Queen Bees,The Finale, and Where Are They Now?,Gossip,Jealousy,Self-Centeredness,Power,Show all 8 episodes"
Andrew Hoagland,Busted
Andrew Hoagland,"Must Love Kids,Episode #1.6,Episode #1.5,Episode #1.4,Episode #1.2,Episode #1.3,Show all 10 episodes"
Andrew Hoagland,"American Inventor,Episode #2.8,Episode #2.7,Episode #2.6,Episode #2.5"
Andrew Hoagland,"The Bachelor,After the Final Rose,Finale,Episode #10.7,Episode #10.6,Episode #10.5,Show all 33 episodes"
Andrew Hoagland,USA Rock Paper Scissors League Championship
Andrew Hoagland,"Back on Campus,Episode #1.1,Episode #1.8,Episode #1.7,Episode #1.6,Episode #1.5,Show all 8 episodes"
Andrew Hoagland,"Extreme Makeover: Home Edition,Holiday Wishes,Family Reunion Special"
Andrew Hoagland,"The Real Gilligan's Island,Episode #2.1,Episode #2.8,Episode #2.7,Episode #2.6,Episode #2.5,Show all 8 episodes"
Andrew Hoagland,"The Bachelor,Episode #14.9,Episode #14.7,Episode #14.6,Episode #14.5,Episode #14.4,Show all 8 episodes"
Andrew Hoagland,"The Bachelorette,Episode #4.8,Episode #4.7,Episode #4.6,DeAnna Tells All,Episode #4.4,Show all 8 episodes"
Andrew Hoagland,Lockhart: Unleashing the Talisman
Andrew Hoagland,Inception
Andrew Hoagland,"CSI: NY,Sanguine Love"
Andrew Hoagland,"Criminal Minds,The Slave of Duty"
Andrew Hoagland,"It's Always Sunny in Philadelphia,A Very Sunny Christmas"
Andrew Hoagland,"Cold Case,WASP"
Andrew Hoagland,"The Forgotten,Parachute Jane"
Andrew Hoagland,Day After Disaster
Andrew Hoagland,"Mad Men,Out of Town"
Andrew Hoagland,"Make It or Break It,Like Mother, Like Daughter, Like Supermodel"
Andrew Hoagland,The Will
Andrew Hoagland,"The Ultimate Love Test,Season Finale,Episode #1.7,Episode #1.6,Episode #1.5,Episode #1.4,Show all 8 episodes"
Andrew Hoagland,Surf Girls
Andrew Hoagland,"Little Women: LA,Reunion Special Part 2,Reunion Special Part 1"
Andrew Hoagland,"Basketball Wives LA,Basketball Wives LA Reunion"
Andrew Hoagland,"Basketball Wives,Reunion (Part 2),Reunion (Part 1)"
Seve Esposito,Sopranos
Seve Esposito,When Harry Met Sally 2 with Billy Crystal and Helen Mirren
Seve Esposito,Inception
Seve Esposito,"FabLife,Fresh Spin Show/General Hospital Stars/Male Swimsuit Fashion Trends/Deion Sanders Gets a Pedicure/Chrissy Teigen's S'Mores"
Seve Esposito,"Katie,General Hospital 50th Anniversary"
Seve Esposito,"The Jeff Probst Show,The Drama Behind the Drama: 'Days of Our Lives' Sexiest Stars Tell All"
Seve Esposito,The Sopranos: Family Business
Marcus Everett,Life of Brad
Marcus Everett,"Open Call,The Audition,The Introduction"
Marcus Everett,Water for Elephants
Marcus Everett,Inception
Leonardo DiCaprio,"Akira,announced"
Youlanda Davis,"Players,post-production,Episode #1.8"
Youlanda Davis,"Snowfall,Protect and Swerve"
Youlanda Davis,"Loose Ends,Episode #1.12,Episode #1.8,Episode #1.2"
Youlanda Davis,Assistant Living Show
Youlanda Davis,I'll See You in My Dreams
Youlanda Davis,Cher: Woman's World
Youlanda Davis,"Wilfred,Intuition"
Youlanda Davis,Midnight Scorpion
Youlanda Davis,"Comedy Bang! Bang!,Michael Cera Wears a Blue Denim Shirt & Red Pants"
Youlanda Davis,Life Mission
Youlanda Davis,Bad Teacher
Youlanda Davis,"Shameless,Nana Gallagher Had an Affair"
Youlanda Davis,All Signs of Death
Youlanda Davis,Inception
Youlanda Davis,Death at a Funeral
Leonardo DiCaprio,"Captain Planet,announced"
Leonardo DiCaprio,"The Corporation,announced"
Leonardo DiCaprio,"Roosevelt,announced"
Leonardo DiCaprio,"Atari,pre-production"
Leonardo DiCaprio,"The Black Hand,pre-production"
Leonardo DiCaprio,"The Devil in the White City,pre-production,Episode #1.2"
Leonardo DiCaprio,"Shining Girls,Episode #1.1"
Leonardo DiCaprio,Theodore Roosevelt
Leonardo DiCaprio,King of Cool
Leonardo DiCaprio,Stay Wild
Leonardo DiCaprio,Fin
Leonardo DiCaprio,The Loneliest Whale: The Search for 52
Leonardo DiCaprio,From Devil's Breath
Leonardo DiCaprio,"The Titans That Built America,United They Stand,Titans vs. FDR,A New Generation Rises"
Leonardo DiCaprio,Kid 90
Leonardo DiCaprio,"The Right Stuff,Goodies,Sierra Hotel"
Leonardo DiCaprio,"Whose Vote Counts, Explained,Whose Vote Counts,Can You Buy an Election?,The Right to Vote"
Leonardo DiCaprio,"Grant,Freedom's Champion,Lincoln's General,Unlikely Hero"
Leonardo DiCaprio,Richard Jewell
Leonardo DiCaprio,And We Go Green
Leonardo DiCaprio,Ice on Fire
Leonardo DiCaprio,Sea of Shadows
Leonardo DiCaprio,Struggle: The Life and Lost Art of Szukalski
Leonardo DiCaprio,Robin Hood
Leonardo DiCaprio,Jonestown: Terror in the Jungle
Leonardo DiCaprio,Pollinators Under Pressure
Leonardo DiCaprio,Delirium
Leonardo DiCaprio,The Men Who Built America: Frontiersmen
Leonardo DiCaprio,Fire Chasers
Leonardo DiCaprio,Live by Night
Leonardo DiCaprio,A Plastic Ocean
Leonardo DiCaprio,Before the Flood
Leonardo DiCaprio,The Ivory Game
Leonardo DiCaprio,When Two Worlds Collide
Leonardo DiCaprio,Digital Wampum
Leonardo DiCaprio,Catching the Sun
Leonardo DiCaprio,Cowspiracy: The Sustainability Secret
Leonardo DiCaprio,Virunga
Leonardo DiCaprio,The Wolf of Wall Street
Leonardo DiCaprio,Out of the Furnace
Leonardo DiCaprio,Runner Runner
Leonardo DiCaprio,The Ides of March
Leonardo DiCaprio,Red Riding Hood
Leonardo DiCaprio,Orphan
Leonardo DiCaprio,Greensburg
Leonardo DiCaprio,The 11th Hour
Leonardo DiCaprio,Gardener of Eden
Leonardo DiCaprio,The Aviator
Leonardo DiCaprio,The Assassination of Richard Nixon
Leonardo DiCaprio,"Roosevelt,announced"
Leonardo DiCaprio,"The Black Hand,pre-production"
Leonardo DiCaprio,"Killers of the Flower Moon,post-production"
Leonardo DiCaprio,Don't Look Up
Leonardo DiCaprio,Once Upon a Time... In Hollywood
Leonardo DiCaprio,The Revenant
Leonardo DiCaprio,The Audition
Leonardo DiCaprio,The Wolf of Wall Street
Leonardo DiCaprio,The Great Gatsby
Leonardo DiCaprio,Titanic: Deleted Scenes
Leonardo DiCaprio,Django Unchained
Leonardo DiCaprio,J. Edgar
Leonardo DiCaprio,Inception: Motion Comics
Leonardo DiCaprio,Inception
Leonardo DiCaprio,Shutter Island
Leonardo DiCaprio,Revolutionary Road
Youlanda Davis,Barry Munday
Youlanda Davis,"Community,Communication Studies"
Youlanda Davis,Patrol
Youlanda Davis,"CSI: Crime Scene Investigation,The Lost Girls"
Youlanda Davis,The Soloist
Youlanda Davis,"Ugly Betty,Twenty-Four Candles,East Side Story"
Youlanda Davis,"12 Miles of Bad Road,Pilot"
Youlanda Davis,"American Body Shop,Stretchy Face"
Youlanda Davis,"9-1-1,Sink or Swim"
Youlanda Davis,"Switched at Birth,Occupy Truth"
Youlanda Davis,"Modern Family,Spring-A-Ding-Fling"
Youlanda Davis,The Obama Effect
Youlanda Davis,"Casual,Dave,Mars"
Leonardo DiCaprio,Body of Lies
Leonardo DiCaprio,Blood Diamond
Leonardo DiCaprio,The Departed
Leonardo DiCaprio,The Aviator
Leonardo DiCaprio,Catch Me If You Can
Leonardo DiCaprio,Gangs of New York
Leonardo DiCaprio,Don's Plum
Leonardo DiCaprio,The Beach
Leonardo DiCaprio,Celebrity
Leonardo DiCaprio,The Man in the Iron Mask
Leonardo DiCaprio,Titanic
Leonardo DiCaprio,Marvin's Room
Leonardo DiCaprio,Romeo + Juliet
Leonardo DiCaprio,Total Eclipse
Leonardo DiCaprio,The Quick and the Dead
Leonardo DiCaprio,The Basketball Diaries
Leonardo DiCaprio,The Foot Shooting Party
Leonardo DiCaprio,What's Eating Gilbert Grape
Leonardo DiCaprio,This Boy's Life
Leonardo DiCaprio,"Growing Pains,The Last Picture Show: Part 1,The Wrath of Con Ed,Maggie's Brilliant Career,The Truck Stops Here,Don't Go Changin',Show all 23 episodes"
Leonardo DiCaprio,Poison Ivy
Leonardo DiCaprio,Critters 3
Leonardo DiCaprio,"Parenthood,Fun for Kids,Gil vs. the Deck,Thanksgiving with a T That Rhymes with B That Stands for Basketball,Take My Parents, Please,Small Surprises,Show all 12 episodes"
Leonardo DiCaprio,"Roseanne,Home-Ec"
Leonardo DiCaprio,"Street Safe, Street Smart"
Leonardo DiCaprio,"Santa Barbara,Episode #1.1472"
Leonardo DiCaprio,"The Outsiders,Un Combat inégal"
Leonardo DiCaprio,"The New Lassie,Snake Pit,New Generation"
Leonardo DiCaprio,"Romper Room,Episode #27.1"
Leonardo DiCaprio,Greensburg
Leonardo DiCaprio,The 11th Hour
Leonardo DiCaprio,Once Upon a Time... In Hollywood
Leonardo DiCaprio,Titanic
Leonardo DiCaprio,"Growing Pains,The Truck Stops Here"
Leonardo DiCaprio,Kid 90
Leonardo DiCaprio,QT8: The First Eight
Leonardo DiCaprio,SPF-18
Leonardo DiCaprio,Don Jon
Leonardo DiCaprio,J. Edgar: A Complicated Man
Leonardo DiCaprio,J. Edgar: The Most Powerful Man in the World
Leonardo DiCaprio,Below the Line
Leonardo DiCaprio,Detachment
Leonardo DiCaprio,Dreams: Cinema of the Subconscious
Leonardo DiCaprio,The Rooneys
Leonardo DiCaprio,Bad Santa
Leonardo DiCaprio,AFI's 100 Years... 100 Passions: America's Greatest Love Stories
Leonardo DiCaprio,"Entertainment Tonight,Episode #41.87,Episode #40.309,ET SAG Awards Blowout!,Episode #38.280,Episode #38.272,Show all 50 episodes"
Leonardo DiCaprio,"Extra with Billy Bush,Episode #28.79,Episode #25.278,Episode #23.280,Episode #23.44,Episode #23.6,Show all 9 episodes"
Leonardo DiCaprio,"CBS News Sunday Morning,Episode #43.49"
Leonardo DiCaprio,Adele One Night Only
Leonardo DiCaprio,Shine a Light 9/11 Tribute Concert
Leonardo DiCaprio,"Clint Eastwood: A Cinematic Legacy,An Actor's Director,Witness to History,A Director's Vision"
Leonardo DiCaprio,"Hollywood Insider,Cowboys and Samurai - A Study Of Genre - An In-Depth Analysis,A Tribute to Hans Zimmer: The Greatest Film Composer of the Modern Era,The Rise of Teen Idols Timothée Chalamet & Harry Styles: Destroying Toxic Masculinity,EVOLUTION: Every Meryl Streep Role From 1977 to 2021, All Performances Exceptionally Poignant,EVOLUTION: Every Tom Hanks Role From 1980 to 2021, All Performances Exceptionally Poignant,Show all 25 episodes"
Leonardo DiCaprio,Welcome Back Future
Leonardo DiCaprio,Success Formula
Leonardo DiCaprio,"Whose Vote Counts, Explained,The Right to Vote"
Leonardo DiCaprio,"The Anytime Show with Mister H. I.,That One Time with Morgan Freeman, Steven Spielberg and Frontline Workers"
Leonardo DiCaprio,The Oscars
Leonardo DiCaprio,The Oscars Red Carpet Show
Leonardo DiCaprio,The 26th Annual Screen Actors Guild Awards
Leonardo DiCaprio,"Made in Hollywood,A Fall from Grace + Awards Spotlight: Once Upon a Time... in Hollywood,Made in Hollywood Awards Special,Episode #9.14,Episode #8.28"
Leonardo DiCaprio,The 25th Annual Critics' Choice Awards
Leonardo DiCaprio,"WTF with Marc Maron,Brad Pitt & Leonardo DiCaprio"
Leonardo DiCaprio,2020 Golden Globe Awards
Leonardo DiCaprio,Global Citizen Festival
Leonardo DiCaprio,"CTV News at 11:30 Toronto,Episode dated 8 September 2019"
Leonardo DiCaprio,"Días de cine,Episode dated 16 August 2019,Episode dated 18 February 2010"
Leonardo DiCaprio,"Entertainers with Byron Allen,Episode #25.44"
Leonardo DiCaprio,"Good Morning Britain,Episode dated 31 July 2019"
Leonardo DiCaprio,"Jimmy Kimmel Live!,Brad Pitt/Leonardo DiCaprio/Margot Robbie/Quentin Tarantino/Keith L. Williams/Tal Wilkerfeld,Andy Samberg/Ginnifer Goodwin/The Strumbellas"
Leonardo DiCaprio,"WGN Morning News,Episode dated 22 July 2019"
Leonardo DiCaprio,"Today,Episode dated 15 July 2019"
Leonardo DiCaprio,"Entertainment Tonight Canada,ET Canada's Summer Blockbusters"
Leonardo DiCaprio,And We Go Green
Leonardo DiCaprio,Ice on Fire
Leonardo DiCaprio,Lil Dicky: Earth
Leonardo DiCaprio,Pollinators Under Pressure
Leonardo DiCaprio,BYD: Build Your Dreams
Leonardo DiCaprio,BYD: Make History
Leonardo DiCaprio,Spielberg
Leonardo DiCaprio,Louder Together
Leonardo DiCaprio,Hand in Hand: A Benefit for Hurricane Relief
Leonardo DiCaprio,The Oscars
Leonardo DiCaprio,The 74th Annual Golden Globe Awards 2017
Leonardo DiCaprio,Time Presents: Milestones 2016 - A Tribute to the Stars We've Lost
Leonardo DiCaprio,Hollywood Film Awards
Leonardo DiCaprio,"The Ellen DeGeneres Show,Justin Timberlake/Gabrielle Union/Leonardo DiCaprio,Leonardo DiCaprio/Eva Longoria/Stephen 'tWitch' Boss,Leonardo DiCaprio/Courteney Cox/Sara Bareilles/Loni Love"
Leonardo DiCaprio,"SciShow,SciShow Quiz Show: Katelyn Salem vs. Hank Green"
Leonardo DiCaprio,Before the Flood
Leonardo DiCaprio,Koko: The Gorilla Who Talks to People
Leonardo DiCaprio,2016 MTV Movie Awards
Leonardo DiCaprio,"Action ou vérité,Episode dated 18 March 2016"
Leonardo DiCaprio,"Casey Neistat Vlog,Crashing the Oscars"
Leonardo DiCaprio,"E! Live from the Red Carpet,The 2016 Academy Awards,The 2016 Screen Actors Guild Awards,The 2016 Golden Globe Awards,The 2014 Golden Globe Awards,The 2007 Academy Awards,Show all 6 episodes"
Leonardo DiCaprio,The Oscars
Leonardo DiCaprio,"Rencontres de cinéma,Episode dated 21 February 2016,Episode dated 3 January 2016"
Leonardo DiCaprio,The EE British Academy Film Awards
Leonardo DiCaprio,OSCARS Opening Ceremony: Live from the Red Carpet
Leonardo DiCaprio,22nd Annual Screen Actors Guild Awards
Leonardo DiCaprio,A World Unseen: The Revenant
Leonardo DiCaprio,21st Annual Critics' Choice Awards
Leonardo DiCaprio,"Markus Lanz,Episode dated 13 January 2016"
Leonardo DiCaprio,"Access Hollywood,Episode dated 11 January 2016,Episode dated 7 January 2016,Episode dated 26 December 2008"
Leonardo DiCaprio,2016 Golden Globe Arrivals Special
Leonardo DiCaprio,73rd Golden Globe Awards
Leonardo DiCaprio,"Weekend Today,Episode dated 9 January 2016"
Leonardo DiCaprio,"Weekend Ticket,Episode #4.1"
Leonardo DiCaprio,"The Insider,Episode #12.82,Episode dated 15 October 2014,Episode dated 7 February 2014"
Leonardo DiCaprio,Global Citizen Festival
Leonardo DiCaprio,Scorsese's Goodfellas
Leonardo DiCaprio,Restoration
Leonardo DiCaprio,Jim Beam: Black
Leonardo DiCaprio,Telecom: La tecnologia e importante ma anche tutto il resto
Leonardo DiCaprio,Green World Rising
Leonardo DiCaprio,Carbon
Leonardo DiCaprio,2014 MTV Movie Awards
Leonardo DiCaprio,The Oscars
Leonardo DiCaprio,The Oscars Red Carpet Live 2014
Leonardo DiCaprio,"SAG Foundation Conversations,Leonardo DiCaprio"
Leonardo DiCaprio,EE British Academy Film Awards: The Red Carpet Show
Leonardo DiCaprio,The EE British Academy Film Awards
Leonardo DiCaprio,"Saturday Night Live,Jonah Hill/Bastille"
Leonardo DiCaprio,19th Annual Critics' Choice Movie Awards
Leonardo DiCaprio,2014 Golden Globe Arrivals Special
Leonardo DiCaprio,71st Golden Globe Awards
Leonardo DiCaprio,Jim Beam: Bourbon
Leonardo DiCaprio,"The Hollywood Reporter in Focus,The Wolf of Wall Street"
Leonardo DiCaprio,"Good Morning America,Episode dated 24 December 2013,Episode dated 8 May 2013"
Leonardo DiCaprio,"Charlie Rose,Episode dated 19 December 2013,Episode dated 26 December 2008,Episode dated 4 February 2005"
Leonardo DiCaprio,Last Hours
Leonardo DiCaprio,"At the Movies,Cannes Film Festival 2013"
Leonardo DiCaprio,"Cinema 3,Episode dated 23 May 2013,Episode dated 20 February 2010"
Leonardo DiCaprio,"Vivir de cine,Episode #1.29,Episode #1.28"
Leonardo DiCaprio,"Cannes Film Festival,Cérémonie d'ouverture du 66ème festival de Cannes"
Leonardo DiCaprio,"Celebrity Style Story,Leonardo DiCaprio"
Leonardo DiCaprio,"Taff,Episode dated 18 April 2013,Episode dated 21 February 2003,Catch Me If You Can,Episode dated 10 November 1998"
Leonardo DiCaprio,"Mezamashi TV,Episode dated 4 March 2013"
Leonardo DiCaprio,70th Golden Globe Awards
Leonardo DiCaprio,Titanic: 100 Years On
Leonardo DiCaprio,"ES.TV HD,Episode dated 23 February 2012"
Leonardo DiCaprio,J. Edgar: A Complicated Man
Leonardo DiCaprio,J. Edgar: The Most Powerful Man in the World
Leonardo DiCaprio,The 69th Annual Golden Globe Awards
Leonardo DiCaprio,17th Annual Critics' Choice Movie Awards
Leonardo DiCaprio,Oppo: Find Me
Leonardo DiCaprio,Wild Aid: Leonardo DiCaprio and Jackie Chan
Leonardo DiCaprio,"Big Morning Buzz Live,Adam Sandler/Leonardo DiCaprio/Lisa Vanderpump/Noel Gallagher"
Leonardo DiCaprio,"Up Close with Carrie Keagan,Episode dated 10 November 2011,Episode dated 14 July 2010,Episode dated 9 October 2008"
Leonardo DiCaprio,"ABC News Nightline,Eastwood & DiCaprio on ""J. Edgar"" Secrets,Leonardo DiCaprio & The 11th Hour"
Leonardo DiCaprio,The Love We Make
Leonardo DiCaprio,Unite for Japan
Leonardo DiCaprio,"Close Up,Leonardo DiCaprio"
Leonardo DiCaprio,Inception: Jump Right Into the Action
Leonardo DiCaprio,Dreams: Cinema of the Subconscious
Leonardo DiCaprio,Dante Ferretti: Scenografo italiano
Leonardo DiCaprio,"Janela Indiscreta,Episode #1.21"
Leonardo DiCaprio,"Mark at the Movies,Episode #1.41"
Leonardo DiCaprio,"20 heures le journal,Episode dated 10 July 2010"
Leonardo DiCaprio,"HBO First Look,Inception,The Making of 'Revolutionary Road','Blood Diamond': Making an African Epic,The Departed: Facing a Loaded Gun,Catch Me If You Can,Show all 7 episodes"
Leonardo DiCaprio,Shutter Island: Behind the Shutters
Leonardo DiCaprio,Shutter Island: Into the Lighthouse
Leonardo DiCaprio,Guys Choice
Leonardo DiCaprio,Hubble
Leonardo DiCaprio,"Face 2 Face,Leonardo DiCaprio/Martin Scorsese"
Leonardo DiCaprio,"Xposé,Episode #4.124,Episode #3.88,Episode #3.44"
Leonardo DiCaprio,"Fantastic,Episode dated 14 February 2010"
Leonardo DiCaprio,"Le grand journal de Canal+,Episode dated 5 February 2010"
Leonardo DiCaprio,Hope for Haiti Now: A Global Benefit for Earthquake Relief
Leonardo DiCaprio,The 67th Annual Golden Globe Awards
Leonardo DiCaprio,2009 Golden Globe Awards Red Carpet Special
Leonardo DiCaprio,Model Culture: One + Night in Bangkok
Leonardo DiCaprio,Lives of Quiet Desperation: The Making of Revolutionary Road
Leonardo DiCaprio,Nickelodeon Kids' Choice Awards 2009
Leonardo DiCaprio,Actionable Intelligence: Deconstructing 'Body of Lies'
Leonardo DiCaprio,Body of Lies: Interactive Debriefing
Leonardo DiCaprio,"The Oprah Winfrey Show,Episode dated 13 January 2009,Oprah's After Oscar Party 2005,Episode dated 6 December 2004"
Leonardo DiCaprio,Golden Globe Awards
Leonardo DiCaprio,"Biography,Leonardo DiCaprio"
Leonardo DiCaprio,Notes on an American Film Director at Work
Leonardo DiCaprio,"Eigo de shabera-night,Episode dated 17 November 2008"
Leonardo DiCaprio,The Departed: Interviews
Leonardo DiCaprio,The Departed: The Inspiration
Leonardo DiCaprio,Don't Tell My Booker!!!
Leonardo DiCaprio,Live Earth
Leonardo DiCaprio,Blood Diamond: Focus Points
Leonardo DiCaprio,The 11th Hour
Leonardo DiCaprio,The World Awaits: De La Hoya vs. Mayweather
Leonardo DiCaprio,Blood Diamond: Becoming Archer
Leonardo DiCaprio,Blood Diamond: Inside the Siege of Freetown
Leonardo DiCaprio,Blood Diamond: Journalism on the Front Line
Leonardo DiCaprio,The 79th Annual Academy Awards
Leonardo DiCaprio,Crossing Criminal Cultures
Leonardo DiCaprio,"Stranger Than Fiction: The True Story of Whitey Bulger, Southie and 'The Departed'"
Leonardo DiCaprio,"Senkveld med Thomas og Harald,Episode #8.1"
Leonardo DiCaprio,13th Annual Screen Actors Guild Awards
Leonardo DiCaprio,"Film 2018,Episode dated 22 January 2007"
Leonardo DiCaprio,The 12th Annual Critics' Choice Awards
Leonardo DiCaprio,The 64th Annual Golden Globe Awards
Leonardo DiCaprio,"What It Takes,Leonardo DiCaprio"
Leonardo DiCaprio,"The Tonight Show with Jay Leno,Episode #14.228,Episode #13.22,Episode #3.30"
Leonardo DiCaprio,"Esprits libres,Episode dated 17 November 2006"
Leonardo DiCaprio,"Corazón de...,Episode dated 16 October 2006,Episode dated 20 September 2005"
Leonardo DiCaprio,"Weekend Sunrise,Episode dated 15 October 2006"
Leonardo DiCaprio,Emporio Armani 'Red' One Night Only
Leonardo DiCaprio,Forbes Celebrity 100: Who Made Bank?
Leonardo DiCaprio,"VH1: All Access,Celeb Breakups & Scandals"
Leonardo DiCaprio,12th Annual Screen Actors Guild Awards
Leonardo DiCaprio,The 63rd Annual Golden Globe Awards 2006
Leonardo DiCaprio,Earth to America
Leonardo DiCaprio,Titanic: EPK Press Kit
Leonardo DiCaprio,Titanic's Production: Behind the Scenes
Leonardo DiCaprio,A Concert for Hurricane Relief
Leonardo DiCaprio,"The Fabulous Life of,Leo & Gisele"
Leonardo DiCaprio,2005 MTV Movie Awards
Leonardo DiCaprio,A Life Without Limits: The Making of 'The Aviator'
Leonardo DiCaprio,The Affliction of Howard Hughes: Obsessive-Compulsive Disorder
Leonardo DiCaprio,"Mon plus grand moment de cinéma,Episode dated 18 May 2005"
Leonardo DiCaprio,101 Juiciest Hollywood Hookups
Leonardo DiCaprio,The 77th Annual Academy Awards
Leonardo DiCaprio,11th Annual Screen Actors Guild Awards
Leonardo DiCaprio,The 62nd Annual Golden Globe Awards 2005
Leonardo DiCaprio,Tsunami Aid: A Concert of Hope
Leonardo DiCaprio,"Only in LA,Aviator"
Leonardo DiCaprio,"History vs. Hollywood,The Aviator"
Leonardo DiCaprio,The 61st Annual Golden Globe Awards 2004
Leonardo DiCaprio,Gangs of New York: History of the Five Points
Leonardo DiCaprio,Gangs of New York: Set Design
Leonardo DiCaprio,"AFI Life Achievement Award,AFI Life Achievement Award: A Tribute to Robert De Niro"
Leonardo DiCaprio,'Catch Me If You Can': Behind the Camera
Leonardo DiCaprio,'Catch Me If You Can': In Closing
Leonardo DiCaprio,'Catch Me If You Can': The Casting of the Film
Leonardo DiCaprio,Frank Abagnale: Between Reality and Fiction
Leonardo DiCaprio,The 100 Greatest Movie Stars
Leonardo DiCaprio,Cartaz Cultural
Leonardo DiCaprio,"Larry King Live,Episode dated 25 January 2003"
Leonardo DiCaprio,"Wetten, dass..?,Wetten, dass..? aus Böblingen"
Leonardo DiCaprio,"Buona Domenica,Episode dated 19 January 2003"
Leonardo DiCaprio,The 60th Annual Golden Globe Awards 2003
Leonardo DiCaprio,"Richard & Judy,Episode dated 8 January 2003"
Leonardo DiCaprio,Lying for a Living
Leonardo DiCaprio,"Leute heute,Cannes Festival 2002"
Leonardo DiCaprio,All the Love You Cannes!
Leonardo DiCaprio,Playboy: Inside the Playboy Mansion
Leonardo DiCaprio,The Concert for New York City
Leonardo DiCaprio,Titanic: The Premiere
Leonardo DiCaprio,"The Priory,Episode #1.13"
Leonardo DiCaprio,"Sagas,Episode dated 25 August 1999"
Leonardo DiCaprio,Celebrities Caught on Camera: Volume 1
Leonardo DiCaprio,Bravo Profiles: The Entertainment Business
Leonardo DiCaprio,Titanic: Breaking New Ground
Leonardo DiCaprio,The 55th Annual Golden Globe Awards 1998
Leonardo DiCaprio,"Mundo VIP,Show nº87"
Leonardo DiCaprio,Directors: James Cameron
Leonardo DiCaprio,Magacine
Leonardo DiCaprio,"The Directors,The Films of James Cameron"
Leonardo DiCaprio,"Hey Hey It's Saturday,Episode dated 29 November 1997"
Leonardo DiCaprio,David Blaine: Street Magic
Leonardo DiCaprio,Honda: Miracle Civic
Leonardo DiCaprio,Total Eclipse
Leonardo DiCaprio,X-Girl
Leonardo DiCaprio,"CBS This Morning,Episode dated 27 April 1995"
Leonardo DiCaprio,"Late Show with David Letterman,Episode dated 17 April 1995"
Leonardo DiCaprio,"The Movie Show,Episode dated 10 February 1995"
Leonardo DiCaprio,"Troldspejlet,Episode dated 9 April 1994"
Leonardo DiCaprio,The 66th Annual Academy Awards
Leonardo DiCaprio,"The Word,Episode #4.11"
Leonardo DiCaprio,The 51st Annual Golden Globe Awards
Leonardo DiCaprio,Kraft: Kraft Free Singles
Leonardo DiCaprio,"Fox's Fun House,Episode #3.7"
Leonardo DiCaprio,Bubble Yum: Keeps it Poppin'
Leonardo DiCaprio,Fred Meyer: You'll Find it at Freddy's
Leonardo DiCaprio,"Hollywood Celebrity,post-production"
Leonardo DiCaprio,"Passenger C,post-production"
Leonardo DiCaprio,"Entertainment Tonight,Episode #41.85,Episode #41.78,Episode #41.66,Episode #41.65,Episode #41.42,Show all 75 episodes"
Leonardo DiCaprio,Daniel Day-Lewis - L'héritier
Leonardo DiCaprio,"Monsters Inside: The 24 Faces of Billy Milligan,The Escape"
Leonardo DiCaprio,"Josiah Rises,Quentin Tarantio SLAMS Hollywood's INSANE Agenda in Bill Maher Interview!"
Leonardo DiCaprio,Kid 90
Leonardo DiCaprio,Leonardo DiCaprio: Most Wanted!
Leonardo DiCaprio,"Celebrity Page,Episode #7.233,Episode #5.112,Episode #4.193"
Leonardo DiCaprio,"The Last Dance,Episode X"
Leonardo DiCaprio,"Dirty Money,The Man at the Top"
Leonardo DiCaprio,Im Reich der Filme
Leonardo DiCaprio,"Casting Calls,'Once Upon a Time... in Hollywood'"
Leonardo DiCaprio,"Extra with Billy Bush,Episode #26.84,Episode #23.295,Episode #23.134,Episode #23.53,Episode dated 23 July 2016,Show all 7 episodes"
Leonardo DiCaprio,"VICE Investigates,Amazon on Fire"
Leonardo DiCaprio,The Jewels of the Salton Sea
Leonardo DiCaprio,QT8: The First Eight
Leonardo DiCaprio,"The Curse of Don's Plum,Pyre,Pinky,Posse"
Leonardo DiCaprio,"The Movies,The Nineties"
Leonardo DiCaprio,Apollo 8: The Mission That Changed the World
Leonardo DiCaprio,"Misión exclusiva,Episode #1.1"
Leonardo DiCaprio,Hell's Club Part 2. Another Night
Leonardo DiCaprio,"The Insider,Episode #13.306,Episode #13.84"
Leonardo DiCaprio,"Try Not to Smile or Laugh,Try To Watch This Without Laughing or Grinning #57"
Leonardo DiCaprio,"Best of the Worst,Wheel of the Worst #15"
Leonardo DiCaprio,"Good Morning Britain,Episode dated 27 February 2017"
Leonardo DiCaprio,"Hoy nos toca,Deb"
Leonardo DiCaprio,Leonardo Dicaprio Visits the Palace of Versailles
Leonardo DiCaprio,Greatest 90s Movies
Leonardo DiCaprio,"L'IA et Mathieu,Surpopulation, suicide de l'espèce"
Leonardo DiCaprio,"Louder with Crowder,Sexy Time with Tomi Lahren, John Phillips, and GOP"
Leonardo DiCaprio,"The Drunken Peasants,Chris Christie's Face of Anguish - Feminist Slam ""Poetry"" - Min Wage Retard"
Leonardo DiCaprio,"Welcome to the Basement,The Notebook"
Leonardo DiCaprio,"Do They Know It?,Do Teens Know 90's Romance Movies?"
Leonardo DiCaprio,"Taff,Episode dated 1 February 2016,Episode dated 22 January 2015"
Leonardo DiCaprio,Leonardo DiCaprio - Phantom und Superstar
Leonardo DiCaprio,"Inside Edition,Investigations 2014,Ebola in New York City,Wolf of Wall Street"
Leonardo DiCaprio,Worst Shark Attack Ever
Leonardo DiCaprio,"DirtyBiology,La science du Ice Bucket Challenge"
Leonardo DiCaprio,"CBS News Sunday Morning,Episode dated 16 February 2014,Episode dated 24 February 2013"
Leonardo DiCaprio,"Running Man,Romeo and Juliet"
Leonardo DiCaprio,"Fox and Friends,Episode dated 5 January 2014"
Leonardo DiCaprio,"Movie Guide,Movie Guide 2: Part 14,Movie Guide: Part 4"
Leonardo DiCaprio,"10 Things You Don't Know About,J Edgar Hoover"
Leonardo DiCaprio,"America's Book of Secrets,The Playboy Mansion"
Leonardo DiCaprio,Final Cut: Ladies and Gentlemen
Leonardo DiCaprio,1st AACTA Awards
Leonardo DiCaprio,Pete Postlethwaite: A Tribute
Leonardo DiCaprio,"Special Collector's Edition,Especial ironía: Wanted,Titanic - 1ª Edición"
Leonardo DiCaprio,"Zaum - Andare a parare,Catastrionfo"
Leonardo DiCaprio,Almost Famous IV
Leonardo DiCaprio,The Clock
Leonardo DiCaprio,Cool It
Leonardo DiCaprio,"20 to 1,Our All Time Favourite Films,Hollywood's Hot List,Child Stars: Where Are They Now?,Sexiest Movie Moments,Magnificent Movies,Show all 7 episodes"
Leonardo DiCaprio,Gilles Jacob: CIitizen Cannes
Leonardo DiCaprio,"The Tonight Show with Jay Leno,Episode #18.44"
Leonardo DiCaprio,"A polos 25,Episode #1.20"
Leonardo DiCaprio,"Live from Studio Five,Episode #1.129,Episode #1.90"
Leonardo DiCaprio,Almost Famous III
Leonardo DiCaprio,"Biography,Teen Heartthrobs,Child Stars II: Growing Up Hollywood"
Leonardo DiCaprio,"Today Tonight,Episode dated 26 January 2009,Episode dated 6 April 2007"
Leonardo DiCaprio,"Los 10 magníficos,Woody Allen,Martin Scorsese"
Leonardo DiCaprio,Premio Donostia a Meryl Streep
Leonardo DiCaprio,"Punkt 12,Episode dated 6 August 2008"
Leonardo DiCaprio,"American Greed,Robbing Hollywood's A-List/Soaking the Rich at Auction"
Leonardo DiCaprio,"Oscar, que empiece el espectáculo"
Leonardo DiCaprio,"The Factor,Episode dated 4 January 2008"
Leonardo DiCaprio,"Forbes 20 Under 25: Young, Rich and Famous"
Leonardo DiCaprio,"100 Greatest Teen Stars,Episode dated 13 December 2007"
Leonardo DiCaprio,"Empreintes,Nathalie Baye, en toute liberté"
Leonardo DiCaprio,Everything's Cool
Leonardo DiCaprio,"20 heures le journal,Episode dated 20 May 2007"
Leonardo DiCaprio,Larry King Live: The Greatest Interviews
Leonardo DiCaprio,Manufacturing Dissent
Leonardo DiCaprio,"Penélope, camino a los Oscar"
Leonardo DiCaprio,"101 Favorite Stars Way Back When,Episode dated 22 January 2007"
Leonardo DiCaprio,The 16th Annual Gotham Awards
Leonardo DiCaprio,Boffo! Tinseltown's Bombs and Blockbusters
Leonardo DiCaprio,Celebrity Debut
Leonardo DiCaprio,"VH1 News Presents,VH1 News Presents: Hollywood Secrets Revealed - Scenes They Don't Want You to See"
Leonardo DiCaprio,50 Cutest Child Stars: All Grown Up
Leonardo DiCaprio,"Cinema mil,Episode #1.2"
Leonardo DiCaprio,"Corazón de...,Episode dated 20 July 2005"
Leonardo DiCaprio,"Michael Moore, el gran agitador"
Leonardo DiCaprio,MovieReal: The Aviator
Leonardo DiCaprio,Words in Progress
Leonardo DiCaprio,"Celebrities Uncensored,Episode #2.6,Sex,Episode #2.1,Episode #1.15,Episode #1.9,Show all 6 episodes"
Leonardo DiCaprio,101 Biggest Celebrity Oops
Leonardo DiCaprio,"The Simple Life,Ro-Day-O vs. Ro-Dee-O"
Leonardo DiCaprio,"Sendung ohne Namen,Wie wenig überraschend Fernsehen sein kann."
Leonardo DiCaprio,Shirtless: Hollywood's Sexiest Men
Leonardo DiCaprio,Histoires de festival
Leonardo DiCaprio,"E! True Hollywood Story,Growing Pains"
Leonardo DiCaprio,Twentieth Century Fox: The Blockbuster Years
Leonardo DiCaprio,Entertainment Tonight Presents: The Real 'Growing Pains'
Leonardo DiCaprio,"Entertainers with Byron Allen,Episode dated 29 January 2000"
Leonardo DiCaprio,Biography of the Millennium: 100 People - 1000 Years
Leonardo DiCaprio,Femmes Fatales: Sharon Stone
Leonardo DiCaprio,Beyond Titanic
Leonardo DiCaprio,Hangin' with Leo!
Leonardo DiCaprio,Leo Mania
Leonardo DiCaprio,To Leo with Love
Leonardo DiCaprio,The 70th Annual Academy Awards
Leonardo DiCaprio,Sharon Stone - Una mujer de 100 caras
Leonardo DiCaprio,"Growing Pains,The Last Picture Show: Part 2"
Julie Eagleton,"Night and Day,completed"
Julie Eagleton,"The Godfather Buck,completed"
Julie Eagleton,Stan & Ollie
Julie Eagleton,Miss Peregrine's Home for Peculiar Children
Julie Eagleton,"Downton Abbey,Episode #5.6,Episode #5.5,Episode #5.4,Episode #5.2,Episode #4.5,Show all 8 episodes"
Julie Eagleton,Fury
Julie Eagleton,"The Honorable Woman,The Hollow Wall"
Julie Eagleton,The King's Speech
Julie Eagleton,Inception
Julie Eagleton,The Special Relationship
Julie Eagleton,Nanny McPhee Returns
Julie Eagleton,The Wolfman
Julie Eagleton,Into the Storm
Julie Eagleton,The Duchess
Julie Eagleton,Made of Honor
Julie Eagleton,Sweeney Todd: The Demon Barber of Fleet Street
Julie Eagleton,Atonement
Julie Eagleton,Stardust
Julie Eagleton,The Bourne Ultimatum
Julie Eagleton,Cassandra's Dream
Julie Eagleton,Blood Diamond
Julie Eagleton,Casino Royale
Julie Eagleton,Love and Other Disasters
Julie Eagleton,The Queen
Julie Eagleton,The Teacher
Julie Eagleton,"The Line of Beauty,The End of the Street,The Love Chord"
Julie Eagleton,The Chatterley Affair
Julie Eagleton,"Love Soup,War Is Heck"
Julie Eagleton,"Casualty @ Holby City,A Great Leap Forward"
Julie Eagleton,Kinky Boots
Julie Eagleton,"All About George,Episode #1.2"
Julie Eagleton,Charlie and the Chocolate Factory
Julie Eagleton,How to Be a Cyber-Lovah
Julie Eagleton,"Cadillac City,pre-production"
Julie Eagleton,"Designated Caretaker,pre-production"
Julie Eagleton,"Letters from Heaven,pre-production"
Julie Eagleton,"Vine,pre-production"
Julie Eagleton,"The Accompanist Awakening,pre-production"
Julie Eagleton,"Night and Day,completed"
Julie Eagleton,"The Accompanist,completed"
Julie Eagleton,Free Spirits
Julie Eagleton,The Accompanist
Julie Eagleton,Paul Is Dead
Julie Eagleton,Perplexed Music
Julie Eagleton,Designated Caretaker Redux
Julie Eagleton,Maleficent
Julie Eagleton,New Tricks
James Currie,"Downton Abbey,Episode #4.2"
James Currie,Prometheus
James Currie,Zero Dark Thirty
James Currie,"EastEnders,Episode dated 13 August 2012"
James Currie,Snow White and the Huntsman
James Currie,Prometheus
James Currie,Bel Ami
James Currie,War Horse
James Currie,Hugo
James Currie,Captain America: The First Avenger
James Currie,Harry Potter and the Deathly Hallows: Part II
James Currie,X-Men: First Class
James Currie,Gulliver's Travels
James Currie,"Any Human Heart,Episode #1.2"
James Currie,The King's Speech
James Currie,Inception
James Currie,Robin Hood
James Currie,Green Zone
James Currie,Centurion
James Currie,Sherlock Holmes
James Currie,Nine
James Currie,"My Almost Famous Family,We've Only Just Begun"
James Currie,"Ashes to Ashes,Episode #2.3"
James Currie,"Hustle,The Road Less Travelled"
James Currie,Last Chance Harvey
James Currie,Hotel Babylon
James Currie,Zero Dark Thirty
James Currie,Captain America: The First Avenger
James Currie,X-Men: First Class
James Currie,"The Hollow Crown,Henry VI Part 2,Henry VI Part 1"
James Currie,Lee Evans: Big Live at the O2
John Ceallach,"Acre Beyond the Rye,announced"
John Ceallach,The Card Counter
John Ceallach,Did I Kill My Mother?
John Ceallach,Geostorm
John Ceallach,Gerald's Game
John Ceallach,Precious Cargo
John Ceallach,Shark Lake
John Ceallach,Dominion
John Ceallach,Fantastic Four
John Ceallach,Terminator Genisys
John Ceallach,Impact Earth
John Ceallach,"NCIS: New Orleans,Baitfish"
John Ceallach,Sniper: Deadliest Missions
John Ceallach,"The Young and the Restless,Episode #1.9485"
John Ceallach,Double Negative
John Ceallach,Inception
John Ceallach,Sinners and Saints
John Ceallach,"Lie to Me,The Whole Truth"
John Ceallach,Iron Man 2
John Ceallach,"Miami Medical,What Lies Beneath"
John Ceallach,"Big Love,Sins of the Father,The Greater Good"
John Ceallach,The Pool Boys
John Ceallach,The Librarian III: The Curse of the Judas Chalice
John Ceallach,Expectations
John Ceallach,"K-Ville,AKA,Critical Mass,No Good Deed"
John Ceallach,"Katie,announced"
John Ceallach,"Run Away to Paris,announced"
John Ceallach,"The Dark Coven,announced"
John Ceallach,"3 Ways to Kill a Mook,completed"
John Ceallach,The Job
John Ceallach,Annabellum: The Curse of Salem
John Ceallach,Whispers
John Ceallach,Dominion
John Ceallach,"Luna,Pilot"
John Ceallach,Damnbulance
John Ceallach,Isle of Dogs
John Ceallach,Double Negative
John Ceallach,"Katie,announced"
John Ceallach,"Run Away to Paris,announced"
John Ceallach,"The Dark Coven,announced"
John Ceallach,Violence
John Ceallach,"Luna,Pilot"
John Ceallach,Isolation
John Ceallach,Dominion
John Ceallach,"Miami Medical,What Lies Beneath"
John Ceallach,UFC 15: Collision Course
John Ceallach,Dominion
John Ceallach,Lost and Alone
John Ceallach,"Cursed,Eye of the Storm,Ghosts Interrupted,The Secret Life of Betsy Bell,The Real John Bell,The Betrayal of Kate Batts"
John Ceallach,"Cursed,Inherited Misery"
Gregg Christie,"Church Squad,pre-production"
Gregg Christie,"Logan,filming,I'm Not with That Fuck Boy Shit,Let It Out and Let It Go"
Gregg Christie,"Shadows and Light,filming,Director & The Devil"
Gregg Christie,"Subject 13,post-production"
Gregg Christie,"Fallen Leaf,completed"
Gregg Christie,Vacuum
Gregg Christie,Await the Dawn
Gregg Christie,This Is the Year
Gregg Christie,I Got the Hook Up 2
Gregg Christie,Hollywould
Gregg Christie,D-Railed
Gregg Christie,"Craigslist Counselors,Death and It's Sense of Humor,Parental Misguidance"
Gregg Christie,"MacGyver,Ruler"
Gregg Christie,"Black Boots,Episode #2.7"
Gregg Christie,"I Killed Susan Blake,Part 4,Part 3,Part 2,Part 1"
Gregg Christie,"Mind of a Single Male,True Essence"
Gregg Christie,"General Hospital,Episode #1.13202"
Gregg Christie,An Appointment
Gregg Christie,The Resolution
Gregg Christie,Assisted Living
Gregg Christie,Beast - A football story
Gregg Christie,Genesis
Gregg Christie,Muskets
Gregg Christie,Guest
Gregg Christie,Cop Out
Gregg Christie,"Criminal Minds,Pay It Forward"
Gregg Christie,Inception
Gregg Christie,Secret Games 2: The Escort
Gregg Christie,Tuesday Never Comes
Gregg Christie,Forgotten Heroes
Gregg Christie,Doin' Time on Planet Earth
Gregg Christie,"Church Squad,pre-production"
Gregg Christie,"Fallen Leaf,completed"
Gregg Christie,Await the Dawn
Gregg Christie,This Is the Year
Gregg Christie,D-Railed
Garvin Cross,"Slumberland,post-production"
Garvin Cross,"Aurora Teagarden Mysteries,Til Death Do Us Part"
Garvin Cross,Flora & Ulysses
Garvin Cross,Sonic the Hedgehog
Garvin Cross,Fatal Visit
Garvin Cross,"The Order,Homecoming, Part Two"
Garvin Cross,Cold Pursuit
Garvin Cross,A Dog's Way Home
Garvin Cross,The Predator
Garvin Cross,Predators
Garvin Cross,Deadpool 2
Garvin Cross,Overboard
Garvin Cross,Escape from Mr. Lemoncello's Library
Garvin Cross,Power Rangers
Garvin Cross,"Beyond,Celeste"
Garvin Cross,Monster Trucks
Garvin Cross,Legends of the Hidden Temple
Garvin Cross,Come and Find Me
Garvin Cross,"Timeless,The Alamo"
Garvin Cross,The Revenant
Garvin Cross,"Liar, Liar, Vampire"
Garvin Cross,One Crazy Cruise
Garvin Cross,Tomorrowland
Garvin Cross,Santa Hunters
Garvin Cross,"Continuum,Last Minute"
Garvin Cross,RoboCop
Garvin Cross,Jinxed
Garvin Cross,Percy Jackson: Sea of Monsters
Garvin Cross,A Fairly Odd Christmas
Garvin Cross,The Company You Keep
Garvin Cross,Total Recall
Garvin Cross,Big Time Movie
Garvin Cross,Mission: Impossible - Ghost Protocol
Garvin Cross,The Twilight Saga: Breaking Dawn - Part 1
Garvin Cross,Dream House
Garvin Cross,"A Fairly Odd Movie: Grow Up, Timmy Turner!"
Garvin Cross,TRON: Legacy
Garvin Cross,Repeaters
Garvin Cross,Ramona and Beezus
Garvin Cross,Goblin
Garvin Cross,Inception
Garvin Cross,The A-Team
Garvin Cross,Ice Twisters
Garvin Cross,2012
Garvin Cross,Scooby-Doo! The Mystery Begins
Garvin Cross,Jennifer's Body
Garvin Cross,Driven to Kill
Garvin Cross,Watchmen
Garvin Cross,Spectacular!
Garvin Cross,Kill Switch
Garvin Cross,Far Cry
Garvin Cross,Gym Teacher
Garvin Cross,The Art of War II: Betrayal
Garvin Cross,Lost Boys: The Tribe
Garvin Cross,The Eye
Garvin Cross,Bloodrayne 2
Garvin Cross,Shattered
Garvin Cross,Fantastic 4: Rise of the Silver Surfer
Garvin Cross,Tortured
Garvin Cross,Numb
Garvin Cross,Wind Chill
Garvin Cross,The Sandlot: Heading Home
Garvin Cross,The Invisible
Garvin Cross,Shooter
Garvin Cross,White Noise 2: The Light
Garvin Cross,Firestorm: Last Stand at Yellowstone
Garvin Cross,The Wicker Man
Garvin Cross,Like Mike 2: Streetball
Garvin Cross,Firewall
Garvin Cross,"Intelligence,Pilot"
Garvin Cross,Fantastic Four
Garvin Cross,Thralls
Garvin Cross,The Karate Dog
Garvin Cross,Edison
Garvin Cross,"Cold Squad,Learning Curve,No Life Like It,Bob & Carol & Len & Ali,Career Opportunists,Ambleton,Show all 35 episodes"
Garvin Cross,White Noise
Garvin Cross,Blade: Trinity
Garvin Cross,Jiminy Glick in Lalawood
Garvin Cross,Superbabies: Baby Geniuses 2
Garvin Cross,Catwoman
Garvin Cross,Proof of the Man
Garvin Cross,"I, Robot"
Garvin Cross,The Wild Guys
Garvin Cross,"10.5,Episode #1.2,Episode #1.1"
Garvin Cross,"The Chris Isaak Show,Suspicion,The Little Mermaid,Let the Games Begin,Candidate,The Family of Man,Show all 8 episodes"
Garvin Cross,Snakehead Terror
Garvin Cross,11:11
Garvin Cross,Saved!
Garvin Cross,Paycheck
Garvin Cross,D.C. Sniper: 23 Days of Fear
Garvin Cross,Elf
Garvin Cross,Taken
Garvin Cross,Firefight
Garvin Cross,A Crime of Passion
Garvin Cross,The Core
Garvin Cross,Agent Cody Banks
Garvin Cross,Invitation
Garvin Cross,Spymate
Garvin Cross,Before I Say Goodbye
Garvin Cross,The Barber
Garvin Cross,"Taken,Taken,John,Dropping the Dishes,God's Equation,Charlie and Lisa,Show all 6 episodes"
Garvin Cross,Extreme Ops
Garvin Cross,Mary Higgins Clark's: We'll Meet Again
Garvin Cross,Saint Sinner
Garvin Cross,Try Seventeen
Garvin Cross,The Secret Life of Zoey
Garvin Cross,Black Point
Garvin Cross,Stark Raving Mad
Garvin Cross,Life or Something Like It
Garvin Cross,The Mangler 2
Garvin Cross,The House Next Door
Garvin Cross,Hard Cash
Garvin Cross,Liberty Stands Still
Garvin Cross,Ignition
Garvin Cross,Bratty Babies
Garvin Cross,Strange Frequency
Garvin Cross,Ripper
Garvin Cross,Avalanche Alley
Garvin Cross,Replicant
Garvin Cross,Kill Me Later
Garvin Cross,Mindstorm
Garvin Cross,Turbulence 3: Heavy Metal
Garvin Cross,Head Over Heels
Garvin Cross,"First Wave,Beneath the Black Sky"
Garvin Cross,Lunch with Charles
Garvin Cross,The Proposal
Garvin Cross,Air Bud 3
Garvin Cross,The Operative
Garvin Cross,Final Ascent
Garvin Cross,MVP: Most Valuable Primate
Garvin Cross,They Nest
Garvin Cross,Shanghai Noon
Garvin Cross,Little Boy Blues
Garvin Cross,The Silencer
Garvin Cross,Noroc
Garvin Cross,"Hope Island,It Takes a Voyage to Learn,Each Tub Must Stand on Its Own Bottom,Look One Way and Row Another"
Garvin Cross,Sweetwater
Garvin Cross,A Twist of Faith
Garvin Cross,Can of Worms
Garvin Cross,It's True!
Garvin Cross,Catch Me If You Can
Garvin Cross,The Inspectors
Garvin Cross,Air Bud: Golden Receiver
Garvin Cross,Hoods
Garvin Cross,Voyage of Terror
Garvin Cross,Deep Rising
Garvin Cross,Death Game
Garvin Cross,Mr. Magoo
Garvin Cross,"Stargate SG-1,Hathor"
Garvin Cross,The Right Connections
Garvin Cross,The Invader
Garvin Cross,Exception to the Rule
Garvin Cross,Alibi
Garvin Cross,Carpool
Garvin Cross,Underworld
Garvin Cross,White Tiger
Garvin Cross,Unforgettable
Garvin Cross,For a Few Lousy Dollars
Garvin Cross,The Final Cut
Garvin Cross,Man with a Gun
Garvin Cross,Mind Ripper
Garvin Cross,Dangerous Indiscretion
Garvin Cross,Rumble in the Bronx
Garvin Cross,The Surgeon
Garvin Cross,Red Scorpion 2
Garvin Cross,The NeverEnding Story III
Garvin Cross,Whale Music
Garvin Cross,Needful Things
Garvin Cross,The Hitman
Garvin Cross,Slow Burn
Garvin Cross,Empire of Ash
Garvin Cross,Under Wraps
Garvin Cross,Blurt
Garvin Cross,"Wisdom of the Crowd,Pilot"
Garvin Cross,S.W.A.T.: Under Siege
Garvin Cross,"DC's Legends of Tomorrow,Night of the Hawk"
Garvin Cross,Metallica Through the Never
Garvin Cross,Baby Sellers
Garvin Cross,Maximum Conviction
Garvin Cross,"Supernatural,Plucky Pennywhistle's Magical Menagerie"
Garvin Cross,"Caprica,Retribution"
Garvin Cross,Inception
Garvin Cross,Marmaduke
Garvin Cross,Stargate SG-1: Children of the Gods - Final Cut
Garvin Cross,National Lampoon's Ratko: The Dictator's Son
Garvin Cross,"Tin Man,Tin Man,Search for the Emerald,Into the Storm"
Garvin Cross,"Intelligence,A Man Escapes"
Garvin Cross,"Painkiller Jane,Ghost in the Machine"
Garvin Cross,"Merlin's Apprentice,Episode #1.2,Episode #1.1"
Garvin Cross,Last Chance Cafe
Garvin Cross,Chaos
Garvin Cross,"Battlestar Galactica,Valley of Darkness"
Garvin Cross,Blade: Trinity
Garvin Cross,What Lies Above
Garvin Cross,How It All Went Down
Garvin Cross,See Grace Fly
Garvin Cross,Spook
Garvin Cross,"UC: Undercover,Manhunt"
Garvin Cross,The Mangler 2
Garvin Cross,Liberty Stands Still
Garvin Cross,L.A.P.D.: To Protect and to Serve
Garvin Cross,Love and Treason
Garvin Cross,"The Lone Gunmen,Pilot"
Garvin Cross,"First Wave,The Flight of Francis Jeffries"
Garvin Cross,"The Immortal,Demons of the Night: Part 1"
Garvin Cross,Sole Survivor
Garvin Cross,"The Outer Limits,Glitch,Final Exam,Afterlife,First Anniversary,Birthright,Show all 6 episodes"
Garvin Cross,"The Wonderful World of Disney,Life-Size"
Garvin Cross,"Seven Days,Deja Vu All Over Again"
Garvin Cross,Shutterspeed
Garvin Cross,"Strange World,Down Came the Rain"
Garvin Cross,Noroc
Garvin Cross,Y2K
Garvin Cross,"Atomic Train,Part 2,Part 1"
Garvin Cross,The Fear: Resurrection
Garvin Cross,True Heart
Garvin Cross,"It's True!,The Rats of Rumfordton (Pilot)"
Garvin Cross,Catch Me If You Can
Garvin Cross,"Millennium,The Innocents,Dead Letters"
Garvin Cross,"Three,The Games"
Garvin Cross,Loyal Opposition
Garvin Cross,The Hunted
Garvin Cross,Five Desperate Hours
Garvin Cross,"Stargate SG-1,Children of the Gods"
Garvin Cross,Hardball
Garvin Cross,"The Sentinel,Secret"
Garvin Cross,"Viper,Talk Is Cheap"
Garvin Cross,"The X-Files,Herrenvolk,Fearful Symmetry"
Garvin Cross,Once a Thief
Garvin Cross,"Sliders,Time Again and World,Fever"
Garvin Cross,Generation X
Garvin Cross,Mask of Death
Garvin Cross,For a Few Lousy Dollars
Garvin Cross,Midnight Heat
Garvin Cross,"Strange Luck,Hat Trick"
Garvin Cross,"Highlander,Double Eagle"
Garvin Cross,Man with a Gun
Garvin Cross,"Lonesome Dove: The Outlaw Years,The Return"
Garvin Cross,Cyberjack
Garvin Cross,"The Marshal,Snow Orchid"
Garvin Cross,"The Commish,The Trial"
Garvin Cross,"Hawkeye,The Boxer"
Garvin Cross,Rumble in the Bronx
Garvin Cross,"M.A.N.T.I.S.,Faces in the Mask"
Garvin Cross,Crackerjack
Garvin Cross,"Street Justice,Black or Blue"
Garvin Cross,"Bordertown,Demon Rum"
Garvin Cross,Evolution's Child
Garvin Cross,Lost Boys: The Tribe - Action Junkies
Garvin Cross,"The Outer Limits,The Voice of Reason"
